entity_id	business_name	business_address	country
S3-202863386	wilfordhancock.com	Mack Rd, Haltom City, Texas	US
S3-859268022	International South Consultants Private Ltd		India
S3-22467283	LLC Moncada Léarning Center	5780 Fawn Ct, Fort Worth, Texas	US
S3-671162755	Moyna's Coffee	1 Ivanhoe Ave, PO Box 6009, Cincinnati, Ohio	US
S3-960981775	Pvt. EFS Print Ventures Ltd.	Door No 183, 41St Cross, 22Nd Main 9Th Block Jayanagar, Bengaluru Urban, Bangalore, ಕರ್ನಾಟಕ	India
S3-578159284	LLC Hernandez Colonial Redwood	2260- Housecreek Trail, Unit 407, Raleigh, North Carolina	US
S3-121412624	Classic Equity Partners Group	6885 Catalpa Bluff Ln, PO Box 5799, Dickinson, Texas	US
S3-249416830	Ectolumdrex dba X+ Madison Inc	S03575 Cty Tk M, Town Of Buffalo, WI	US
S3-107644605	Animal Hanisch Hospirlg	##8 Willow Oak Lane, Fl. 0, Saint Louis, Missouri	US
S3-160217003	Gomez Optimal	343 Hempstead 161, Hope, Arkansas	US
S3-504183980	The Rapid  Learning Alliance LLC	46 White Rock Dr, Hurricanne, West Virginia	US
S3-53737228	Indian Care Public Limited	Raebareli, Rae Bareli, Raibareilly, UP, No #51 C/o Shiv Kumar Maurya S/o Ram Ausan Bastepur	India
S3-16693061	Béque	189 Connmre Dr, Nashville, Tennessee	US
S3-331103166	#centraleducation	1113 Ash Street, Carlsbad, New Mexico	US
S3-45067784	அரிஹந்த் Foundation Private Limited	Saranampatti Roadvellakinar Post Coimbatore, Tamilnadu, Coimbatore, TN	India
S3-118652570	Wildlife Guild  LLC	18900 Harl Weiller Road, Caldwell, Ohio	US
S3-90100170	Cinder Charlton-PC	0200 Washington Street, ALVO, Nebraska	US
S3-476778426	ZRO Trinity Co	0315 Laramie St, Gillette, Wyoming	US
S3-128062172	Bajaj Foundation  Private Limited	Rajendra Nagar, Andhra Pradesh, 221, 2Nd Floor, 7-90/5, Hn 86 Gandipet Main Rd, K.v.rangareddy	India
S3-171901473	Estell's Creative	15380 Fillmore Street, Unit 1006, Goodyear, Arizona	US
S3-973629095	Center 5uperior Co	144 Foster Avenue, Harriman, Tennessee	US
S3-554084947	Palace Vidyalaya	Plot No.: 3829/3250, Near Metro Pillar No: 234, Kanhaiya Nagar, Tri Nagar, Delhi, New Delhi, दिल्ली	India
S3-315861895	Global Applied	Tiger Lily Lane, Madison, Indiana	US
S3-326049086	Integrated  Business Systems	#111 Frontage Road 2121, Ilfeld, New Mexico	US
S3-181819854	Cardiology Heartland Cáre Associates #98825	Tennessee, 607 Fourth St, Columbia	US
S3-776815069	Sai  Surgical (India) Ltd	Unit A3, Ugf, Plot No. 17, Satbari Vill., Chattarpur, South West Delhi, DL	India
S3-230314480	MW Management Private  Limited - 2067865001	Pt No 18, Nagpur, MH	India
S3-807500071	FERRERO FERRERO DUKE	1516 Marshall St, Iowa, PMB 2592, Boone	US
S3-878295053	Chinglepet Private Limited Center	4-2, TN, Kanchipuram, Chinglepet	India
S3-725749046	Modern Center Brothers	Shop No. 188, 1St Floor, Powai Plaza Cts No. 5, Hiranandani Garden, Powai, Mumbai, Mumbai City, MH	India
S3-298996001	Navkar Sons Ltd Center	No. 562 X/1725, Main Road, Rajgarh Colony, East Delhi, New Delhi, DL	India
S3-32805948	സിൽവർ കൺസൾട്ടൻസി പ്രൈവറ്റ് ലിമിറ്റഡ്	Ernakulam, KL, 18/479E/3 Peringattil Tower Kangarappady Kakkanad, Ernakulam	India
S3-256812623	ब्लू टेक्नोलॉजीज	MH, East Garo Hills, 2, Swadhin Sadan, C-road, Churchgate, Mumbai City	India
S3-822866561	Compher's Auto  Glass	4301 Broadway Ave, Evansville, Indiana	US
S3-726575561	గుజరాత్ Logistics లిమిటెడ్	H.no 4-0 Flat No. 103, Sai Bhavana Encl Kamala Nagar, Hyderabad, TG	India
S3-572363539	Stellar + Brothers Private Ltd	A-401, Kamlesh Apartment, Sher-e-punjab Colony, Andheri (East), Bombay, Mumbai City, MH	India
S3-551148968	Ear N0se & Throat Regional	25 Eighth Avenue, Haverhill, Massachusetts	US
S3-738829801	Best Software Innovations,	Edwall, Washington, 29511 Tucker Prairie Rd	US
S3-566665563	Capital-Snow Capital-Snow Corporation	367 Parkland Way, Chanhassen, Minnesota	US
S3-575167920	SAV Holdings	87, Patna Dairy Project, Haroon Nagar Colony Sector - 1, Patna Sadar, Patna, BR	India
S3-586800406	Mr Om-Consultants Corporation	F-0017, Eternity Mall Premises Chs Ltd. Near Teen Hath Naka, Lbs Marg, Thane (We, St), Thane, MH	India
S3-190231775	Cozy Shop Bike	Mulberry Dr, NULL, Buckeye, Arizona	US
S3-323153716	LLC Safe Newbury	Evening Star Way, Sequim, Washington	US
S3-783004558	Shree Sgpeciarity Pvt. Ltd.	348, Radhna, Inayatpur, Meerut, UP	India
S3-159562080	Little Ice Cirhm	1148- Heritage Ct, FT. Mill, South Carolina	US
S3-397850436	Hmgreen.Com	603, Thane, Palghar, MH	India
S3-244694796	TV Tower Inc.	Sand Hills Drive, Surprise, Arizona	US
S3-755888332	lakshmi medical-mumbai ventures	Door No 180-B Tanna Residencyveer Savarkar Marg Prabhadevi, Mumbai, MH	India
S3-875583147	Orthopedic Specialists Of Fort Wht LLC	3900 Sanguinet Street, Fort Worth, Texas	US
S3-27936464	erwinsignaturekrakacquisition.com	817 C-Bar Ranch Trl, Cedar Park Township, Texas	US
S3-856590607	Raj Black [Marketing]	No. 707 I-2102 Puneville, Phase-ii, Sr.no. 16P, 17P, 18P, 19P, Pune, Pune City, MH	India
S3-314969122	M/s Jd Pvt Ltd Services	Plot No.48 Pratap Nagar, Jaipur, RJ	India
S3-92001570	Davis  Acquisition		US
S3-397939007	Mitchell Acbdeyg	Henry Drive, Athens, Alabama	US
S3-975758507	Secure Secure Cárolina	3576 Astor Avenue, Columbus, Ohio	US
S3-444450554	Montica LLC Vii	313 9nd Avenue, Texas, Canyon	US
S3-83266577	Clear [Payroll]	02324 Bugle Drive, Chesapeake City, Virginia	US
S3-431610666	Basalt Forefront L.L.C.	2080 Summerson Rd, Arizona, Kingman	US
S3-74613320	Royal Mémorial Trust Holdings	Door No 0521 Trinity No 1/1 4Nd Main Road K H M Block Ganganagar R T, Nagar, Bangalore, ಕರ್ನಾಟಕ	India
S3-628876983	Snell Cmpleee Glass Corp	824 1/2 West St, Fl 0, Garden Plain, Kansas	US
S3-664253519	The Consultants Karnataka Cotex (Limited)	Plot A-##26 Midc Industrialarea Naveli H Block Pimpri Taluka, Pune, Chinchwad, महाराष्ट्र	India
S3-396182476	Honey Balzer, MD Ltd	07150 Ellicott Rd, PO Box 2843, Lockport, New York	US
S3-188810136	Harbor Foundation  III	#429 Forest Ave, NULL, Oak Park, Illinois	US
S3-533193854	Physical Group Precision Therapy	106 Laurel Ln, Banner Elk, North Carolina	US
S3-309601238	Quonex d/b/a M D Herrera Offshore	1720 Fairmount Avenue, Cincinnati, OH	US
S3-730662073	Ken Hospitalities (India)  Limited	No 7/501 Gian Nagar, Sonepat, N/A, HR	India
S3-980949237	Odetta Robinson Oak	893 Houfek Dr, Lancaster, Ohio	US
S3-777257171	Bennett & Mofcno Canary of Liverpoo1 Ltd	317 3rd St, Liverpool, New York	US
S3-891901989	Private Shivam Projects [Limited]	B-3 Kailash Colony, New Delhi, South Delhi, DL	India
S3-660160649	Chavarin Property óf Queensbury LLC	55 Needle Park Cir, Unit Apartment 2, Queensbury, New York	US
S3-412197948	#Apexphotonics	8336 Indian Head Highway, # B2, Fort Washington, Maryland	US
S3-51937572	Perine Heritage Family Practice LLC	5378 Parsons Saint, Pffftown, North Carolina	US
S3-372045674	Lopez Continental  Arcelormittal Greater	767 Ocotillo St, Casa Grande, Arizona	US
S3-572598570	Cultural Coalition Ltd Association	187 Robinwood Rd, Waterbury, Connecticut	US
S3-878820114	Jsg Enterprises (Center)	No.009, Pachaiappas College Hostel Road, Egmore Nungambakkam, Chennai, TN	India
S3-607506773	Mr Chalakudy-+ Partners Private Limited	Sec 6, Shrikrushna Paradise Apts, MH, Pune, Fl A-105 Pl 73	India
S3-891585470	Leahy Silver  Acp LP	104 Tesoro Way, Del Valle, Texas	US
S3-493572667	Edgar Space Inc	8229 Mulberry Way, Sandy City, Utah	US
S3-263247365	Private Unique Enterprises Limited	302, Andheri (West), Mumbai, महाराष्ट्र	India
S3-2701544	NV Pharma	H.no 81/2, Maragadi, Grama, Acchanahalli Road, Hassan, KA	India
S3-690376437	Karo1's Capital Restaurant  Clginc	Wabasha, Minnesota, 3rd St	US
S3-911307067	Umbraonyx dba Filson Apex Chemical	Phoenix, AZ, 16007 45th Street	US
S3-893149997	Hyacinthe L. Cheung D.C. PC	#300 Stephanie Lane, Prosepr, Texas	US
S3-411324695	Piedmont Liberty Octave Llc	57398 Aviation Dr, Yucca Valley, California	US
S3-232475819	Digital Hospitality Private Limited	H.no 305 Sterling Arcade, 15/3, Race Course Road, Indore, मध्य प्रदेश	India
S3-952693237	@shreefoundation	C/o Mr. Nirmal Singh, Shop No: 21, Umang Primo, Haveli, Pune, MH	India
S3-155609206	Bonnettresilience.Com	305 1/2 Business 190, Texas, Copperaas COVE	US
S3-335805814	Solutions Accuracy Healthcare-Private Ltd	South Delhi, DL, New Delhi, 3Rd Floor, Plot No. 211, Innov8 Okhla Co-working, Okhla Phase 3 Rd, Okhla, New Delhi	India
S3-987031930	Tu Ventures  Pvt (Ltd)	Core House Off C G Roadnr Parimal Garden Ellisbridge, Ahmedbad, Ahmedabad, ગુજરાત	India
S3-405782849	Innovative Cargo  Concepts	Rocky Mount, 407 Tillery Street, North Carolina	US
S3-97933587	Heartland Optimal Médicine LLC	414 Church Street, Rippley, West Virginia	US
S3-575968805	Sachet Agro Infratech Limited	H.no 1-2-C-25 Sukhadia Nagar, Sriganganagar, Ganganagar, RJ	India
S3-183740021	सनराइज फूड्स प्राइवेट लिमिटेड	Word Number-04, Sidhi, Rampur Naikin, MP	India
S3-137354887	बेस्ट माँ इंटरनेशनल प्राइवेट लिमिटेड	C/o Bopal Singh, Mohalla Adarsh Nagar, Gali No-01, Bijnor, Bijnor, Mohammadpur Deomal, UP	India
S3-630633029	Dental	2111 Rock Ridge Road, Memphis, Tennessee	US
S3-827924570	Monarch Co	1317 Providence Pl, Orage CITY, Iowa	US
S3-940228072	Mclaughlin, Blanco  & Walker Ltd	00120 Michelle Court, Newark, PMB 5466, Delaware	US
S3-702183940	Finance Divya Balaji  Private [Limited]	Lmcpl, Bangalore, KA, Bangalore	India
S3-244849851	(Ltd) Producer Aim Solutions	Jamnagar, No 2 Tulsi Krupa, ગુજરાત, Jamnagar	India
S3-421946613	-- Maryl-Khalil Old Corp	203 Iadho Ave, Roslyn, Washington	US
S3-491234355	#ironworkerslocal	8-10 La Chee Dr, Yahtahey, New Mexico	US
S3-671746462	Wexnyla	12, 13 & 14 F Vikhroli Corporate Park Tower- B Lbs Marg, Vikhroli-W Vikhroli, West Mumbai, Mumbai City, Maharashtra	India
S3-311095849	Werner Aegon	California, Fair Oaks, 4137 Naturewood Ct	US
S3-92974238	Insightful & Sons Industries Limited	119/25, Kanpur, Lajpat Nagar Hans Nagar, UP, Kanpur	India
S3-321391876	Baptist Ássociation Northside LP	1619c Spangler Saint, Plain Twp, Ohio	US
S3-299576808	Morales, Godina & Pánkow Associates LLC		US
S3-143350694	Germana Ott Slaect-Oyj	3107 Serenity Hills Dr, Jonnesboro, Arkansas	US
S3-588179961	Lee Illumination	1608 5st St, LA PORE Township, Indiana	US
S3-921372917	Shaffer Xcblla LLC - 7934786696	25- First Street, # 4, Cambridge, Massachusetts	US
S3-303047307	Akridge Family [Practice]	Washington, Kent, 18223 286th Ct	US
S3-924073964	The Nancy Nancy Bunten Energy		US
S3-10903789	Synmira	Ghaziabad, Uttar Pradesh, Bm-03 Satyam Building, Rdc Raj Nagar Ghaziabad, Ghaziabad	India
S3-288750155	C0mmunity Cascade  Association	1306d Platte Court, Midlothian, Texas	US
S3-525304387	7m.com	820 Cllege St, Jacksboro, Texas	US
S3-629247863	Empire Rithm [LLC]	860 5th St, Broken Arrow, Oklahoma	US
S3-901865937	Aroma Brdthters Ventures Private Limited	MH, H. No. 345 At Bhilwale Khalapur, Raigarh, Bhilvale	India
S3-44013376	Delta Fortunex  Inc	##16978 Moore Rd, <NULL>, Andalusia, Alabama	US
S3-585479914	Inc Pacific Association of Strnya	1133 70, Stacy, North Carolina	US
S3-566328140	international systems private limited	Hyderabad, No 12-5-35/C/47- Ambedkar Nagar, తెలంగాణ, Secunderabad	India
S3-706931985	GM	H No.-25 Lords Colony, Nayapura, Lalghati, Huzur, Bhopal, Madhya Pradesh	India
S3-834643570	ग्रेट एक्सपोर्ट्स प्राइवेट लिमिटेड	10/13, Shivpur Dhoomanganj, Prayagraj, Allahabad, उत्तर प्रदेश	India
S3-797289734	Violet (lndia) Infotech Praei Limited	C04 Pinnacle Chsl Lbs Rd, Mumbai Ii, Mumbai, MH	India
S3-480351150	Smith (Software)	003808 Holman St, Houston, Texas	US
S3-28762331	North Róckwool LP	Fruitvale, 589 Grand Valley Drive, Colorado	US
S3-804770389	Klinger Express Bngatuy Inc.	#910 Ave B, Copperas Cove, Texas	US
S3-588120445	Anand Agro Private Enterprises		India
S3-566085102	patnasolutions.com	Plot No 13G, Patna, BR	India
S3-207262214	Audio Agrotech  (India) L.L.P.	#G-15Nd Floor, Jaipur, RJ	India
S3-307352389	Belogild	Basement Shop No. B-14/2, Chennai, தமிழ்நாடு	India
S3-36683911	Smith Próduce of Spokane	10009 Moss Ln, Spokane, Washington	US
S3-676608088	Sweetbarbershop.Com	1319 Odlum Drive, Albuquerque, New Mexico	US
S3-771692836	Zalion  Delta Crescent	Unit 101, Utah, Salt Lake City, 200	US
S3-426545498	Brightmoon Builders-(gdngai) Private Limited	13-6-438/A/17/1, Asifnagar, Hyderabad, TG	India
S3-969954990	આલ્ફા ફાઉન્ડેશન પ્રાઇવેટ લિમિટેડ	GJ, Ahmedabad, 209, NULL	India
S3-46986783	Dent Seafood The	Massachusetts, 040 Commonwealth Ave, Springfield	US
S3-474790592	Horizon Regional Réal	New York, Highland Falls, 282  Main St	US
S3-791460119	Rapid Select Solutions Inc	W229s4474 Milky Way Road, Village Of Waukesha, Wisconsin	US
S3-701705967	Penny A. Lind, DPM, PC [Harbor]	849 700, Sullivan, Illinois	US
S3-161412777	pediatric dental care associates inc	492 Fairborn Ln, Round Lake, Illinois	US
S3-710694466	Cinder Corporation	Texas, 897 Eldridge Road, Sugar Land	US
S3-367524706	Sram Healthcare Private	48-13-20, G 501, Krishna, Godavari Envy Homes, Krishna, Vijayawada (Urban), AP	India
S3-420462077	ಬ್ಲ್ಯಾಕ್ ಇಂಜಿನಿಯರಿಂಗ್ ಪ್ರೈವೇಟ್ ಲಿಮಿಟೆಡ್	Bangalore, KA, Bangalore, U-004	India
S3-375023535	Brightstar Charitable Trust Limited	No 37 Indusrtail Area P. B. No 63, Satna, MP	India
S3-617511857	Belocalo Co fka Deleon's Select Pizza	403 Colgate Court, Arlington, TX	US
S3-650745475	കൃഷ്ണ ഇന്റർനാഷണൽ ഹാർഡ്‌വെയർ പ്രൈവറ്റ് ലിമിറ്റഡ്	Trivandrum, Thiruvananthapuram, KL, Tc 2/2409, Asiatic Business Center Abc Tower Near, Toyota Showroom, Atinkuzhy, Kazhakuttom	India
S3-625913156	Webster, Hines And Solis Co	213 Elmwood Ave, # Apartment 11, Buffalo, New York	US
S3-331944027	East East Áditya Investment Private Limited	No 1 Dewari Kala, Mirzapur Sadar, Mirzapur, UP	India
S3-52936362	Sterling (Reliable)	Saint Joseph, Indiana, 002412 Hobson Road	US
S3-961916983	LLC Best Industrial Tehonlogies,	9 Waseta Dr, Zuni, New Mexico	US
S3-173449142	Shubh (Infratech) Developers	MH, Mumbai, null, Rajawadi Chs Ltd Chittaranjan Nagar, Ghatkopar (East), Plot No B-9-169	India
S3-169505996	Sav  Services Private (Limited)	दिल्ली, West Delhi, Gh-9/674, New Delhi	India
S3-674449298	Abramowitz Gráding	643 Jerico St, Nixa, Missouri	US
S3-579902553	White lnfra [Co]	223 Second Floor Kailash Hills Near Market, दिल्ली, South Delhi, New Delhi	India
S3-519350515	G 4 S Súperior LLC	115 Lake Road, PMB 2840, Framingham, Massachusetts	US
S3-692514298	Townsend Iron Works	009114 Sycamore Leaf Dr, Fort Worth, Texas	US
S3-128130670	ഈസ്റ്റേൺ പ്രൊഡ്യൂസർ പ്രൈവറ്റ് ലിമിറ്റഡ്	Plot 254 Sukrutham Complex, Triprayar Temple Road, Chavakkad, Thrissur, KL	India
S3-890922145	Raita Traders Limited	Shop No C-29, Karnal, Karnal Alpha Intl City, हरियाणा	India
S3-96036271	Jeri'S Frontier Fitness Central	23-27 Ponderosa Dr, Syracuse, New York	US
S3-879688889	Juniper Bérkley,	29508 Ship Builders Dr, Seaford, Delaware	US
S3-148895274	Keque Blue Emera  LP	00486 Howe Hill Road, Grenewood, Maine	US
S3-891626766	Apex Consultancy Private [Limited]	867 Ground-floor G-1, Domjur, 296/1 G.t.road Belur, Bally, পশ্চিমবঙ্গ	India
S3-838486566	Orthopedic  Group	125 Utley Creek Ct, Holly Springs, North Carolina	US
S3-105263451	Royal  Creative	61 Burch Rd, Queensbury, New York	US
S3-378551672	Vision-Medicine-LLC	Greyrock Ter, NULL, Irvington, New York	US
S3-136675280	Ciralyra doing business as Raj Technologies Private Limited	Plot No 11 Ramdev Estatephase-Iv Gidc Vatva, Ahmedabad, Gujarat	India
S3-507578619	Campus & Brothers Phiavte  Limited	C/o Shiv Pal Singh, S/o Shri Mehtab Singh Krishna Nagar, Bharthana Road, Etawah, Etawa, UP	India
S3-458988960	Cheshire Ndwrgoks Inc	#195 Crossland Ln, Winchester, Tennessee	US
S3-836927959	RANDOM CHITS PRIVATE LIMITED	Trichur, No Vi/448vatanapally Panchayal, Keralam, Thrissur	India
S3-723406086	Duncan [Boutique]	2512 Flora Street, Dallas, Texas	US
S3-404204526	C 7 Prered (Gss)	1206 18th St, Terre Haute, Indiana	US
S3-199665712	Robinson Future Select [Inc]	Brockton, Massachusetts, 4 Thomas Street	US
S3-81892603	Jai Public [School]	406, Snehlata Ganj, MP	India
S3-498867067	Bm  Public School Holdings	2 C/o Sri Uday Shankar, 607, Rukanpura, Tilak Nagar, Phulwari, Urmila Kunj, BR	India
S3-260366126	Bhoomiputra Nidhi  Pvt Limited	Jang Bahadur Pure Bhikha, C/o Yogendra Bahadur, Raebareli, Unchahar, UP	India
S3-211882578	Seventh (India) Industries (Private)	Sr.no.8-137, महाराष्ट्र	India
S3-608740521	Golden Clean Tir Corp	187 Harmony Hill Dr, Union, Kentucky	US
S3-748301268	Barrineau, Kirby, Esq., (PC)	10117 Parma Ln, Manor, Texas	US
S3-295478667	Nouvelle-Hospital Prívate	DL, West Delhi, H.no 333 Wz-g-9uttam Nagar School Road	India
S3-862789788	IK Manufacturing Infratech Private Limited	KL, Malappuram, 16/594-D, Fathima Building Kuttippuram Road, Valanchery, Malappuram, Malapuram	India
S3-905910189	Ariaavi fka Great Initiative	1626 Winford Road, Baltimore, MD	US
S3-999637845	Bettina Thomas Hárbor Summit Corporation	155 Redstone Hill Road, Bristol, Connecticut	US
S3-371292760	Thea Ortiz Invesco Ltd	50-D Poplar Saint, Islip, New York	US
S3-354096900	OZ Snow LLC	28010 Hollyfare Dr, Katy, PMB 6914, Texas	US
S3-369130400	Turner Oceanhawk Uptown LLC	18 Wards Hill Road, Maine, Gorham	US
S3-712441242	SHORES HOLDING HOLDING COMPANY INC.	1739 Kimberlin Road, Rural Retreat, Virginia	US
S3-729932	Bellinger Hospital Animal	# 2, Chestnut Place, Massachusetts, Ludlow	US
S3-341396567	Goetz and Isidoro	##2660 Bullock Road, # 108, Medford, Oregon	US
S3-714994003	Yashasvi  Avenue Private	D No. 16-289/1, Operation Colony, Arilova, Vishakhapatnam, AP	India
S3-879599711	Creative Summit Otg	160 Bradley St, SACO, Maine	US
S3-32634960	Shyam  Foundation Private Limited		India
S3-509442398	New Delhi Techn0logies Private Limited		India
S3-6638882	kati bennet trading whitestown	2395 90, Whitestown, New York	US
S3-429776213	The L 7 Reliable Starlink	1350 3900 Road E, # 231, Saybrook, Illinois	US
S3-976681859	NWG Value  Private	No 087 Satghar Morsand, Sitamarhi, BR	India
S3-963079339	Cherry's Stár Coffee	North Carolina, 318 Glenkirk Pl, Garner	US
S3-447961633	Lp Purchase (India) Pvt	Limitzone Micro Exhibitions, Door No. 40/2786 C5 2 K.p.g Enclave, Broadway South End, Kochi, KL	India
S3-282015823	Delira Hospitality	262 Main, Unit 0, Kingston, Illinois	US
S3-304243746	Lakeside Colonial Holdings Gertie's	9 4nd St, Dulce, New Mexico	US
S3-889312836	Professional Robotics Harbor,  LLC Service	3234-D Dothan Lane, Texas, Dallas	US
S3-190135542	Devun Priya Private	DL, Bf-50 (Kh. No. 1418-1431), South West Delhi, Village Asola, South West Delhi	India
S3-954711163	Shri Sunrise Infrastructure Automobiles Private	23, Bonfields Lane, 2Nd Floor, Kolkata, Howrah, WB	India
S3-393744173	Bombay Exports Private	24, Whites Road, Royapettah, Chennai, TN	India
S3-607216229	Mellisent Gilbert Best Inflection (LLC)	226, Bakersville, North Carolina	US
S3-50545424	Oncologyspecialists.Com	14290 Oldfield Avenue Ct, Oak Park Heights, Minnesota	US
S3-269888656	Chiropractic Care Associates Limited	02404 L, Brooklyn CITY, New York	US
S3-460045321	Jai Cglee Infratech Private Limited	H.no. G-133/173- A, M Block, Kidwai Nagar, Kanpur Nagar, UP	India
S3-510778048	The Bright American Treasury LLC	210 Tamarisk Circle, Suisun City, California	US
S3-81161554	Anderson Assets  LLC	Rio Rancho, 1313 Desert Ridge Drie, New Mexico	US
S3-565165190	Holdings Clean Ace Futare	1094 Granite Dr, Bedford, Virginia	US
S3-496785125	Baba  International	Door No 1 Grd Nityanand Nagar, Matunga Labour Camp Dr Babasaheb Ambedkar Road, Matunga, Mumbai City, MH	India
S3-903416633	Pediatric Express Care Llc	6795 Landriano Place, Rancho Cucamonga, California	US
S3-113462535	creative diagnostic union inc	549 Blohsomhill Ln, Cincinnati, Ohio	US
S3-60787735	Copper Solutions Pvt [Limited]	A-6-50/1 Vinayak Nagar, Nalgonda, Suryapet, Andhra Pradesh	India
S3-8241507	फ्यूचर एग्रो प्रा. लि.	C/o Bhaskarrao Shrimantrao Kawde House No 128/2 Vaijoda Partur, Jalna, महाराष्ट्र	India
S3-678683280	>> First  Consultants Private [Limited]	M0-07, Bangalore, Bangalore South, KA	India
S3-203889100	Diannne Sútherland, Ph.D.	235 Ridge Road, Little Neck, New York	US
S3-80323204	Daify LLC	05768 Greenbrier Court, Brownsburg CDP, Indiana	US
S3-553961643	Jackson	1743 Monroe City Road, Vincennes, IN	US
S3-6605683	Metropolitan Holdings Inc	00524 Marlowe Road, Raleigh, North Carolina	US
S3-786009122	Calovera One fka Kns Value (India) Care	D No.15, 4B, Sreevatsa Swagat Apt Patel Road, Ram Nagar, Coimbatore, Tamil Nadu	India
S3-302901311	Innovative Engineering Private	3A, Indore, MP	India
S3-259154367	M/s Basera Advisors  Group | www.baseraadv.com	H.no 8St. Floor, 2 (Hall), Cp-6, Nishitm Plaza, Sector-e, Lucknow, Hardoi, उत्तर प्रदेश	India
S3-465433588	Shri VIJAY SOLUTIONS GARMENTS PRIVATE LIMITED	Word No.28, 9, Psd-a, Gharsana, राजस्थान	India
S3-859229358	Leonelle's Elite Nails (Inc.)	3144a 59nd Ave, Oregon, Portland	US
S3-8222959	Colonial Learning Center Partners	20716 Chapman Rohd, Shewrood, Oregon	US
S3-703821326	Chandra Private Ashoka Limited	Block D-524 At Lane No.- 6, Vijay Nagar Post - B.v.college, Patna, BR	India
S3-988710395	harbor interests inc	1252 Jefferson Ave, Cottage Grove, Oregon	US
S3-811855637	Oncology Partners	710 Pulitzer Ln, Allen, Texas	US
S3-257771188	Apex Food, LLC Services	1154-1156 Edgewood Drive, # #8, Town Of Easton, Wisconsin	US
S3-829490404	Maa-Power Solutions Private Limited	B-00206, Big Splash, Sector 17 Vashi, Thane, MH	India
S3-896227623	Bombay बाबा Marketing Private Limited	Plot No 1 Mukhitar Singh Marg Astal Colony Village Bawana, New Delhi, North West, DL	India
S3-987949855	Southern பவர்		India
S3-918994922	Stevana Price, P.A.	158 Mill Street, Verona, Ohio	US
S3-948392473	Urbanbookstore.Com	35 Lindsley Ave, # 110, Nashville, Tennessee	US
S3-977086194	Six Consultancy Infratech Private Limited	Building No 58, S/f Panchkuian Road, Cannaught Place, Central, Delhi, DL	India
S3-568617496	The Mesa Community Center	MSA, Arizona, # 112, 035 Ellsworth Road	US
S3-362638952	Main Street Deli Partners	113 Oak Tree Avenue, Unit APT, Oklahoma, Norman	US
S3-192817070	Vanguard L.L.C. L.L.C. Service	4331 Lovers Lane, Trappe, Maryland	US
S3-780880539	Sri Big Estate-LLP	Sabarkantha, #01- Shamlaji, GJ, Idar, Block, Bhiloda Aravalli	India
S3-585013024	Pirvaote Life Connect [Limited]	H.no 10, Bengaluru Urban, KA, (Old No.200), Pid No 98-64-10, Hebbal Gangenahalli Extention, 10Th Cross, Cbi Main Road, Ganganagar, Bbmp Ward No.98, Bangalore	India
S3-38557301	Dovadovadrex formerly known as Satterwhite and Massengill PLLC	14 Harrison Avenue, Clarkstown, NY	US
S3-725340910	Nale All Made  Corporation	2047 Parnevik Place, Conroe, Texas	US
S3-891618576	Red Builders Private (Ltd)	10, Kandivali West, Mumbai, महाराष्ट्र	India
S3-479249803	Smt Skill Infra (India) Private  Limited	22-11-476, Mangalagiri, AP	India
S3-619115665	Shivkripa-Development Private Limited	&12-7-4/1&2, Hyderabad, TG	India
S3-848775859	ग्रीन ट्रेडिंग प्राइवेट लिमिटेड	T-39, Mayur Tower Neharu Bazar, Jaipur, RJ	India
S3-397757727	Lower Plréeciison	120 Dale Street, South Saint Paul, Minnesota	US
S3-211164327	HD Onfolio Inc.	3946-C Marks Pl, Texas, Ft Worth	US
S3-931454338	Hyderabad Infra	Hyderabad, F No. 206, Hyderabad, TG, Sirisha Apartments 8-3-318/21/206, Yellareddy Guda	India
S3-761438523	Urology of Highland Service	92 Highland Cove Dr, Hardy, Arkansas	US
S3-284546096	Nimit Enterprises Ltd	604 Wing B, Mumbai, MH, Windsor Court, Raheja Reflections	India
S3-301461097	Al Macrktig Pvt Ltd		India
S3-518679355	Shree Cnsisltans Clinic	Sector 29, Jhajjar, HR	India
S3-102566645	Lacson Thayer  South,	2786 Arizona Avenue, Unit 2038, Chandler, Arizona	US
S3-136499130	Safe [Jáckson] | www.safejck.com	24 Alice Ln, Amston, Connecticut	US
S3-693248863	Uptown-Dirr!	1163 Oak Ln, Mntgomery, Texas	US
S3-718581280	Saint Catholic Church Holdings	10 Parwood Dr, Buffalo, New York	US
S3-12915038	Construction Sigma Nidhi Infratech LLP	C/20 Third Floor, Nawada Extension, New Delhi, West Delhi, DL	India
S3-339046680	Lumzeta	Madhyapara, Jagannathpur Dankuni, South Bengal Region, Hooghly, WB	India
S3-716834820	लक्ष्मी बिजनेस हार्डवेयर प्राइवेट लिमिटेड	512 Raheja Chambersfree Press Journal Rd Nariman Point, Bombay, Mumbai, MH	India
S3-532691427	शक्ति सॉफ्टवेयर प्राइवेट लिमिटेड	H. No. 208, Manur Tq. Vaijapur, Aurangabad, MH	India
S3-577079257	Holdings Mccoy Engineering	353 Spring Street, Bloomfield, Indiana	US
S3-91294893	Dr Sre Bfimeuls Private Limited	8/1C Palm Avenue, Kolkata, Howrah, WB	India
S3-833134140	Vivianna Glass, MD Ltd Ltd	1971c 150rd St, Rudd, Iowa	US
S3-775274701	Midwest Program LLC	1502 Grant Avenue, Indianapolis, Indiana	US
S3-551271002	Urban Nails	Wilson Pike, Brentwood, Tennessee	US
S3-797756565	Secunderabad  India Pvt. Ltd.	502, Samruddhi Enclave, Ravindra Nagar, Secunderabad, Hyderabad, TG	India
S3-773061119	ஸ்மார்ட் எக்ஸ்போர்ட்ஸ் பிரைவேட் லிமிடெட்	315/D5 K.p Road, Nagercoil, Kanyakumari, TN	India
S3-14718400	Day, Marsh Marsh & Stone Fortunex L.L.C.	1244 Americana Lane, # 1606, Mesquite, Texas	US
S3-182906686	Kaveransh Clinic Services	Urmi Estate, 11Th Floor, Ganpatrao Kadam Marg, Delisle Road, Bombay, MH	India
S3-77329533	XD Allied	34137 Eureka Avenue, Yucaipa CDP, California	US
S3-538777867	Patri0t Project Downtown	3022 Althea St, Mckinney, Texas	US
S3-104260598	Universal Services Prfviate Limited	6/170, Saravana Poyka, Madathuvilakam Perukavu P.o., Malayinkeezhu, Thiruvananthapuram, Thiruvananthapuram, Trivandrum, കേരളം	India
S3-899583090	Highland Inc Center	302 47th Street, Unit #A7, Tacoma, Washington	US
S3-10942321	Porus Wold Company	Dakshn Rampur, Dakshin Rampur, Jalpaiguri, WB	India
S3-560122693	આલ્ફા ફોર્ચ્યુન કન્સલ્ટન્ટ્સ પ્રાઇવેટ લિમિટેડ	No 313, Aklacha, Mhemdabad, Kheda, Mahemdavad, Mehmedabad, GJ	India
S3-536959514	Lee  All Tsakos Inc	Illini St, Phoenix, Arizona	US
S3-783906913	Mountain Prairie Beijing LLC	001070 74, Ellenboro, North Carolina	US
S3-534662788	ರಾಮ್ ಬಿಸಿನೆಸ್ ಪ್ರೈವೇಟ್ ಲಿಮಿಟೆಡ್	Door No. 2-12 A1a, Mezzanine Floor, Gsj Royale Apartment, Udupi, ಕರ್ನಾಟಕ	India
S3-924461236	NL Facility	19Th, 7Th Cross, Rangadasappa Layout Bannerghatta, Bangalore, KA	India
S3-444600693	M/s shiny medical centre private limited	6C Short Street, Calcutta, WB, Kolkata	India
S3-957756328	Salasar Holdings	1- 15 - 2, Arihant Majestic Towers Jawaharlal Nehru Road, Koyambedu, Chennai, தமிழ்நாடு	India
S3-35900036	LAXMI TECH EXPORTS PVT LTD	दिल्ली, South West Delhi, B-72/73	India
S3-637595241	Urology Cere Ltd	963 Calypso Lane, Virginia Beach City, Virginia	US
S3-282386312	गुरु एस्टेट प्राइवेट लिमिटेड	A-2/99, 2Nd Floor, Near Hastal Road Gurudwara, Uttam Nagar, New Delhi, West Delhi, DL	India
S3-682142621	ONE HOSPITALITY LLP	Plot No.12a, Oil Mill Road, Ashok Brindavan Nagar, Iyyappanthangal, Tiruvallur, Chennai, TN	India
S3-517654841	Snyder & Martinez Emerging	#735 3 St, null, Brooklyn, New York	US
S3-289677596	Orbihalo DBA: Great Highland Kimco LLC	Springfield, 725 Allen Street, MA	US
S3-325999314	Hollenbeck Reliable LLC Northside Joint	59 Fox Street, Hubbard, Ohio	US
S3-400079254	Familycareassociates.Com	904 Main St, Blackwell, Oklahoma	US
S3-400680910	Weldonsciencewayland.Com	Wayland, 0101 Lackawanna Street, New York	US
S3-975051187	Shepherd And Katzan LLC	3 Palmetto Drive, Wrightsville Beach, North Carolina	US
S3-184811928	A Legacy A1ussa	11239 Sixth St, Bridgeville, Delaware	US
S3-886815845	odo greentech pvt. ltd.	Second Floor, Sector-31, Gurgaon, Dlf Qe, 119, HR	India
S3-240414259	Bay Capital Corp	1110 Willow Creek Dr, Leander, Texas	US
S3-306170136	Stride Law Chambers Enterprises	Door No 7 C/o Gour Sarkar Uttar, South 24 Parganas, Vip Nagar, WB	India
S3-800422479	Kániagerkenpiedmont.Com	207 2th Street, Lacroosse CDP, Washington	US
S3-123694229	Public Kedia Engineers Limited	78, Kasi Estate 2Nd Street Jafferkhanpent, Chennai, TN	India
S3-748452890	L 7 P Sés Inc	130 Dunlap Rd, Florida, New York	US
S3-401809170	Kameshwari Charitable (Trust)	K 0127/168/172, Satti Bazar Barabanki, Nawabganj, Barabanki, UP	India
S3-197093940	Kv Star Private  Limited	10A/11, Vrindavan, Rai Bareli Road, Lucknow, UP	India
S3-967797308	Beane	Tuscaloosa, 1412 41st Avenue, AL	US
S3-180062010	Beus Inc. Center		US
S3-112379453	Allied  Institute Partners	Mcadenville, 203 Main St, North Carolina	US
S3-306897876	Slate South, Inc	#2 Fox Hollow Road, Brookhaven, New York	US
S3-970685075	highlandministriescom	7746 Duncan Gap Rd, Wise, Virginia	US
S3-310758212	Diana's Hospitality	208 Atcley Apartments, Maryville, Tennessee	US
S3-447768533	Warren Capita1 Urban LP	2206 189rd Street, Omaha, Nebraska	US
S3-439655728	Shiv Leasing Industries  Private	Birbhum, No 28 C/o, পশ্চিমবঙ্গ	India
S3-988483404	Mcgehee  And Kendall Advisory	9316 Judge Carden Boulevard, Crestwood CTY, Kentucky	US
S3-780118815	Quocalo fka Pro Developers Company	01St Floor, Icc Chambers I, Saki Vihar Road, Powai, Mumbai, Mumbai, Maharashtra	India
S3-461388509	North LLP  Partners	553/11, Bangalore, KA	India
S3-210818742	Nagarkar (India) Tarini  Private	C/o Madhukar Baburao Dere, Kavathe, Tal- Wai, Satara, MH	India
S3-49672113	Martinez, Harris & Guevara Llc	907A Inler Ave, Lubbock, Texas	US
S3-304581702	Hema Córporate Pvt Ltd	No 3/160, Coimbotore, Tirupur, TN	India
S3-918357967	Gulmohar Park Park Marine Limited	B-102, First Floor, Gulmohar Park, New Delhi, DL	India
S3-393484059	Advanced Inc Services	223 Monument Hill Trail, Georgetown, Texas	US
S3-605495109	Silver Cafe! ((Partners))	Fort Mill, 716 Woburn Abbey Dr, South Carolina	US
S3-980152742	Garcia,  Fergus0n & Meadows PLLC	10625 Bunclody Dr, Charlotte, North Carolina	US
S3-722381828	United United Partners Northside PC	11615 19th Ave, Spokane Valley, Washington	US
S3-659206129	Prigfaete Sag Constructions (India) Ventures Limited	16-14-298/5, Srihari Nagar, Revenue Ward No 16-Iii, Nellore, AP	India
S3-275360323	Kanakdhara Gee Enterprises Private Limited	#8-2-293/85/Pn/Plot No.197 Road No.72, Jubilee Hills, Hyderabad, TG	India
S3-75056814	Vision Associates Of (Portsmouth)	#4748 Dehner Street, Portsmouth, Ohio	US
S3-190596250	vvk charitable trust	Plot 393 H No-11810, Gali No-6, Tf, Sat Nagar, Karol Bagh, New Delhi, Central Delhi, DL	India
S3-452675423	A Cure 6 IT	89-21 78 Street, Woodhaven, New York	US
S3-69244699	बिग ग्लोबल जनरल प्राइवेट लिमिटेड	Door No 6-10 Hilton Bldgshastri Nagar Off J P Road Andheri West, Bombay, Mumbai, महाराष्ट्र	India
S3-561696284	Tibrium Tibrium Enterprises LP	6190 Tyrnbury Dr, Lisle, Illinois	US
S3-951624052	Literacy Society LLC	23429 Wier Ave, Buckeye, Arizona	US
S3-771434219	Hua Union Incorporated	256 Shayton Pass, Gallatin, Tennessee	US
S3-742928330	Xylofaye	782 Broadway, Yonkers, New York	US
S3-979235298	Vance Supreme Two Southside	1363  84 St, Brooklyn, New York	US
S3-72624380	Uptown Seafood	1501 Woodspath Ln, Columbus, Ohio	US
S3-971943018	Family East Foundation	1893 Main St, Newinton, Connecticut	US
S3-489622890	Hasse [Fashion]	364 Goodhill Rd, Wetson, Connecticut	US
S3-346784486	Beth Cathedral Federation	Texas, Rowlett, Remington Dr	US
S3-829024295	Bruce Legacy Pearl Inc	22 Rim Road, Ilfeld, New Mexico	US
S3-58442757	JJ Wellness	Stamford, Connecticut, ##16 Vincent Avenue	US
S3-940750099	zionconsolidated.com	#1548 9, New York, Wappingers Falls	US
S3-968476116	Private Amika Infotech Límited	B-1/a24- Mohan Co-operativeindustrial Estate Mathura Road, New Delhi, South Delhi, DL	India
S3-256301825	Holdings Smith Four	1506 Meadow Ave, null, Middletown, Ohio	US
S3-738588591	Lira Security Services	7830 Ridgeside Lane, FT.W AYNE, Indiana	US
S3-787353706	Private Hitech Infrastructure Ltd	G-2 Parth 14, Panchnath Plot, Rajkot, ગુજરાત	India
S3-833085447	The Wacker,  Landeros and Boylan Trust Inc	760 159th Street, Puyallup, Washington	US
S3-490973637	Dr Global Efseddt Exports	#133 118, New Delhi, Central Delhi, DL	India
S3-506388347	Nesta's Superior  Environmental Services	04720 Shannonhouse Drive, <NULL>, Raleigh, North Carolina	US
S3-833884099	FY  Technologies Private Ltd	Flat No-c-16, Lucknow Hq Region, Gf, Dundahera, Saviour Street Plot C-03, Ghaziabad, UP	India
S3-96513872	Carlynn Alumbaugh Quality-Hall Clinic		US
S3-325154278	Smt Prime Solutions Pvt	F/c-d/9, First Floor, F/p, Shaheen Bagh, Abul Fazal Enclave-ii, Jamia Nagar, New Delhi, South Delhi, दिल्ली	India
S3-532479968	Armstead LLC Center	4103 Melissa Drive, Farmville, North Carolina	US
S3-390090152	Juniper Center	5 Ridge Square, Washington, District of Columbia	US
S3-469798068	Southern ಇನ್ವೆಸ್ಟ್‌ಮೆಂಟ್ ಲಿಮಿಟೆಡ್	H.no 110, 03Rd Cross, Basaveshwara Layout, Hbs Near Bts Garage, Bangalore, Bangalore North, ಕರ್ನಾಟಕ	India
S3-37104459	Saia, Saia, L.L.C.		US
S3-98088570	cancer foundation	33 Station Plaza, Great Neck, New York	US
S3-26161361	Future Private Limited Center	No 5-6-510/4/12319Hyderabad Road, Andhra Pradesh, Nizamabad, TG	India
S3-46768096	Travel Private Limited Center	Village Dhakulizirakpur Distt Patiala, Punjab, Amritsar, ਪੰਜਾਬ	India
S3-15177093	Fresh Liivng Central	Benton, 604 1/5 1st St, Illinois, NULL	US
S3-761966080	2865 Third St  Realty Coastal LP	Springfield, 388 Cooley Street, Massachusetts	US
S3-898251122	Harvey Xii Ccpyreoss of	Timber Cliff Ct, Cypress, Texas	US
S3-451480230	Ganpati Clinic Group Pvt Ltd	8-2-293/82/A/374, Road No 10, Jubilee Hills, Hyderabad, తెలంగాణ	India
S3-343956325	Va1ley Council Ltd	101 Round Hill Rd, Northampton, Massachusetts	US
S3-593749288	Children's  League Partners LLC	914 23rd St, Independence, Missouri	US
S3-656934246	Rizavantage One D.B.A. Golden Tavern	4511 Firewheel Drive, Garland, TX	US
S3-914686483	Holdings Polly K Carver, DO	2121 Melanie Ln, # P, Marion, Illinois	US
S3-109335189	WP Ridge Safe Inc. (ID: 22383)	350 Sunset Ridge Dr, Crossville, Tennessee	US
S3-463723999	Dr Embassy Media Industries Pvt	#318 Shig 1 Street Manchester Street, Noida, Gautam Buddha Nagar, UP	India
S3-80888417	Haloonyx DBA Pediatric Care	6790 Silversteen Road, Lake Toxaway, NC	US
S3-564535893	brooks colonial studios inc	232 Lake Saponi Drive, Barboursville, Virginia	US
S3-126982322	Private Chennai Solutions Limited	Kanchipuram, TN, No 147, Ground Floor, Nanbargal Nagar 3Rd Street, Poonamallee, Chennai, Chennai	India
S3-210476563	[Llc] East Hea1th Center	0044 Brentwood Dr, Wolcott, Connecticut	US
S3-765275693	#8 Services	22 Fox Street, Village Of Mukwonago, Wisconsin	US
S3-548783787	ବିଗ୍ କନସଲଟିଂ Limited	Flat No.-##104, Bhubaneswar, Orissa	India
S3-417218868	Sweet Cleaning Setrve Group	# 6, 109 Main St, Massachusetts, Charlestown	US
S3-380295664	Martinez Sunstone  West Inc	1209-1211 Maryland Ave, Canton Township, Ohio	US
S3-699643086	WUC Chemicals Private [Ltd]	Bangalore Rural, Sreevari Heritage, Bangalore North, KA, No ##204 2Nd Floor	India
S3-401540298	Wexjax formerly Horizon Mountain Securities LP	1151 Washington Street, Dubuque, IA	US
S3-803003378	Prívate Star Enterprises Limited	Plot No.78 Gata No. 662, Lucknow, Behta, उत्तर प्रदेश	India
S3-459705885	Pune Growers Prívate Limited	No 808 S.no.19a/3b Office No.62 A Wing K K Market- Dhankawadi, Pune, MH	India
S3-7812561	Meneses International L.L.C.	201 70th Street, Capitol Heights, Maryland	US
S3-960702922	GFH Mangdeoent LLP	Andhra Pradesh, Door No.8-2-293/82a/224., Hyderabad	India
S3-753125827	India Amkay Hotels Group Holdings	Sakar Iv Opp Town Hall, Nr Sanyas Ashram Ellisbridge Ahmedabad, Hn 5-23 104, Ahmedabad, ગુજરાત, Ahmedabad	India
S3-4573520	Martimo, Binnie Eye Care	2441 Rio Drive, Bullhead City, Arizona	US
S3-105959407	Zephola Wireless-Limited	185 Main Street, Unit 14, Peebles Township, Ohio	US
S3-913436639	Heritage Motors L.L.C.		US
S3-545952334	अरिहंत स्काई फूड्स प्रा. लि.	Ludhawai, Bus Stand Ke Pass, Nh-21, Jaipur Road, Bharatpur, राजस्थान	India
S3-888210673	Meon	9 Colony Drive, Islip, New York	US
S3-405553422	Parama (India) Pressing	MH, Ahmednagar, Plot No. L - 121	India
S3-709021698	Shree Products LLP	Shop 7, 8, 9, Shubh Complex, Whc Road, Dharampeth, Nagpur, MH	India
S3-500910721	Kaverikaestate.Com	House No 289/290 B, Indore, MP, Shree Nagar Extension, Indore	India
S3-610402578	PRIVATE PRANAV TECHNOFAB LIMITED	No.3c, Saravanampatti, Coimbatore, TN	India
S3-308631150	Good Nh Energy Private Limited	Howrah, 002A, Kolkata, WB	India
S3-94880110	Davis Federal Chenghe Inc.	3824 Timber Ridge Rd, Midlothian DP, Virginia	US
S3-762825829	-- Board  of Houstieng	7708 Transition Way, Elk Grove, California	US
S3-431503485	optimus strap pvt ltd	Plot 476/5 401, Swamini Complex Near, Sumangalam Co Op H Soc., Ahmedabad Hq Region, Ahmedabad, GJ	India
S3-39022747	The Newcomer  Commodity	1793- Oshea Road, Homer, New York	US
S3-421946310	Metropolitan Genesis	20600 Kearney Path, Lakeville, Minnesota	US
S3-125572762	Karlen Jones Cornerstone (Abrdn)	##8850 400, Scipio, Indiana	US
S3-70704068	DEJESUS BIRACILIK	Texas, 14659 Coffee Ln, Scurry	US
S3-240930945	Fayesyn F/K/A All Dynamic Telecom LLC	502 Stanton Street, Streator, IL	US
S3-189240583	Woods Select Inc Service	9409 Lockwood Avenue, Skokie, Illinois	US
S3-999893341	राज एस टेक	796, Street No.-06, Arakashan Road, Pahar Ganj, New Delhi, DL	India
S3-966369596	Colonial LLC Lifeco	6324 Leona Avenue, Chicago, Illinois	US
S3-437158071	msbrothers.com	No 141 Kabi Sukanta Sarani Hridaypur, North Twenty Four Parganas, Parganas North, WB	India
S3-946323575	Desert Inc Institute		US
S3-736041086	Chester  Cardiology Inc	6414 Brightwood Dr, Memphis, Tennessee	US
S3-274369307	রেড টেক প্রাইভেট লিমিটেড	Plot 0825 37/B/6, Jheel Road Garfa, Howrah, Kolkata, WB	India
S3-494118563	(LLC) Value Safe Automobile of Louisville	##300 Gorgas Street, Louisville, Ohio	US
S3-592073516	Children Producer (India) Corporation	24-A, Vimleshwar Society Near Balaji Hospital, Subhanpura, Vadodara, GJ	India
S3-330036890	Complete-Products Inc. Center	311 Appleby Schol Road, Cambridge, Maryland	US
S3-628525936	Red-Bike	034817 Watkins Saint, Tonopah, Arizona	US
S3-408212372	Urban  Investments Private Limited	Sco-3, 1St Floor, Bhagwati Tower Kunjpura Road, Karnal, HR	India
S3-961058678	Gwyneth Flores-Genetics Inc	Saint Cloud, Minnesota, 1027 5 Avenue	US
S3-201614402	Ramirez Vanguard Ralty Inc	1 3rd St, Fosston, Minnesota	US
S3-896638301	Womens Health Specialists Group	2093 State Hwy 185, Texas, Seadrift	US
S3-826881212	Great	113 Mill Valley Way, New Market, AL	US
S3-604536112	M/s Galaxy Solutions Pvt Ltd	24- Arikupurath (H), Memmugham, Muvattupuzha, Ernakulam, KL	India
S3-30824703	Kader Renewables Inc (Service)	305 Pine Street, Montana, Manhattan	US
S3-311526271	Lucky Mccartney  8est Briacell Inc	3312 51st St, Minneaolis, Minnesota	US
S3-409122108	Pacific Educational-Siohya	Ahmedabad, Dholka, 402, GJ	India
S3-262158504	Solmira DBA Eastern (India) Mill Group	58, Waker Jai Near G R Movers, Shahjahanpur, Uttar Pradesh	India
S3-82016851	Global Investments Inc	1601 Latch String Ln, Hatfield Township, Pennsylvania	US
S3-728602891	Gold Developers Traders Private Ltd	Plot No 505, Matrusri Cooperative House Miyapur, Medchal Malkajgiri, TG	India
S3-31702339	OTHMAN MINISTRIES VI	NULL, 2141 Enterprise Street, Illinois, Springfield	US
S3-145119058	Interstate Aftomcotiev (Holdings)	711 Lataste Dr, Oxford, Alabama	US
S3-429779063	greenpattana.com	Bay St, Staten Island, New York	US
S3-454085095	City Infotech	Bangalore North, Layout 1, Bangalore, Karnataka, No - 44 Annapoorneshwari	India
S3-130700672	બાબા ડેવલપર્સ એલએલપી	No #46 City Cntre 2Nd Floorc G Road Narangpura, Ahmedabad, ગુજરાત	India
S3-468795691	Classic-Soulpower (LP)	1326 Columbus St, Wabash, Indiana	US
S3-861155049	Marshall, Mccabe and Hérnandez LLC	173 Wilson Ave, Youngstown, Ohio	US
S3-11263883	R0sie's Skin Care	410 Citadel Street, Gahanna, Ohio	US
S3-150068856	Eco (India) Ltd Center	F-04 & 05 Triveni Commercial Complex Sheikh Phase-i, New Delhi, South Delhi, DL	India
S3-99505923	Empire-Choice LP Services	1210 Stout Acres Road, Ramseur, North Carolina	US
S3-979234382	Mountain Society	267 Adams Ave, Columbus, Ohio	US
S3-379984324	>> NBX Reliable Rent Inc	80 Church St, Bedford Hills, New York	US
S3-406009851	Berman, Marley Ridge Health Inc	222 Ridgecrest Drive, Beaver Dam, Kentucky	US
S3-112942354	M/s Shree Management Steel Private Limited	#811 U-137, First Floor, Satyam Building Shakarpur, Delhi, East Delhi, DL	India
S3-502689640	Miko Innovative Minerals Incorporated	6 Vista Ter, Avon, Connecticut	US
S3-960875960	limited aditya it	1081/1, Calicut, Kozhikode, കേരളം	India
S3-60189393	Hea1th Anchor Society LP	17 Midway Drive, Binghamton CITY, New York	US
S3-659963286	Thornburg and Surratt Group	43 Boggs Farm Ln, Warren, Maine	US
S3-390731898	Armstrong, Tse  & Duran Inc	3076 Woodruff Creek Dr, Sherwood, Arkansas	US
S3-354910039	M/s Green Civil (India) Private	Plot-85, Mumbai, MH	India
S3-177049334	New Sérvices Private Limited	3Rd Floor, Squareindia Enclave, Msn Colony 3Rd Lane, Ring Road, Vizianagaram, AP	India
S3-991515305	Curry Ingram Outdoor	218 Allyn Ave, Ontario, California	US
S3-234114420	Physical  Therapy	7900 Thoennes Ln, Parkers Prairie, Minnesota	US
S3-550958304	Miraaria	Unit No.19, 3Rd Floor @ Aeromall, 333, Domestic Airport, Pune International Airport Area, Lohegaon, Pune City, Pune, Maharashtra	India
S3-838891953	Laon-Resilience Laon-Resilience Holdings	64 Jay Saint, Stony Point, New York	US
S3-436725377	Ohara, & Gatling Kérrigan	240-A Aldeburgh Ave, Spring Hill, Tennessee	US
S3-551580447	Dynamic Mrakeiting  Private Limited	30/164, Bazar No - 03, Kamaal Ke Kue Ke Pass, Bhilwara, राजस्थान	India
S3-412607073	Coastal Galaxyedge  North	1405 Kenmore Avenue, Fredericksburg City, Virginia	US
S3-164359106	Figx Partners	2325 32nd Street, Montana, Billings	US
S3-114276926	Wei1and Jessup & Hill Osisko	208. Cadiz Mill Road, Cadiz, Kentucky	US
S3-376509191	Northern Animal Hospital PLLC Foundation		US
S3-935434047	Msj Cnsulacny	#9 Karpagam Street Duraisamy Nagar, Madurai, Krishnagiri, TN	India
S3-825609831	Beth (Cathedral)	09 Bunns, North Carolina, Zebulon	US
S3-179738152	Gujarat Limited Private Developers	34 60, Tiruchirappalli, TN	India
S3-995040589	BI6 HIGH MANAGEMENT LLP	Door No A-7, Pune, Dhanori, MH	India
S3-738431506	Primary  Care Classic	57908 Somerton Highway, Barnesville, Ohio	US
S3-434491965	M/s Smart Foods Pdrivaet  Limited	00 Kachchi Masjid Salon, Kachchi Masjid, Raebareli, Raebarely, UP	India
S3-331595551	Leify Inflection LLC Service	260 Emerald St, Minneapolis, Minnesota	US
S3-26331081	Marianna Innovative Jaws,	1904 73, Marianna, Florida	US
S3-564043019	MD Foodstuff Private Ltd	House No. ##844 Sector 37, Faridabad, HR	India
S3-523695838	Private Sun P0wer Ltd	Door No 113/1 F-1001, Jewel Of India, Opp. Jaipur Stock Exchange, Jln Marg, Malviya Nagar, Jaipur, RJ	India
S3-898310857	supreme safe holdings	410-C Morgan Lane, N/A, Falkville, Alabama	US
S3-182177107	Horizon Group Services, Talent	1925 104th Avenue, Mokena, Illinois	US
S3-506284920	ગુજરાત હોસ્પિટાલિટી	H.no 1033/B, F.p No 157, Central Bazzar, Mini Bazzar, Varachha Police Station, Tps-4, Surat City, Surat, GJ	India
S3-587791501	Shri Specia1ist (India) India Limited	Vill- Asma Po- Bhoudgali, Nawada, BR	India
S3-78040928	senacharitabletrust.com	Plot No.17 Dwarakapuri, Nagpur, महाराष्ट्र, Shivaji Nagar Nr Pande Ho	India
S3-57657886	fresh tattoo	1964-1966 Highway 279, Owensboro, Kentucky	US
S3-863237476	Business C1oud Union Group	Iowa, Mason City, 916 Tyler Avenue	US
S3-312442869	Sri Unique Power Pharmacy Private	#259 By 64 Nehru Corss, Lucknow, UP	India
S3-444730740	Limited Harmony Sons Private Center	Shop 4, Mumbai, Mumbai City, महाराष्ट्र	India
S3-81212547	Cardiology Cntfager LLC	##1354 292, Holmes, New York	US
S3-800499462	Strategic Anchor Wilco LLC	415 1/2 Northfield Boulevard, Tennessee, Unit A11, Murfreesboro	US
S3-642917160	Fais Cola Llc	701-D The Shore Line, La Selva Bch, California	US
S3-696686438	Iveniq Mines	1165 Pinehaven Drive, New London, North Carolina	US
S3-489913201	Smt Great Builders Pvt	00103, Ist Floor, Plot No. 1, Vardhman City Centre Gulabi Bagh, Shakti Nagar Extension, Delhi, DL	India
S3-896344548	ସୁପର୍ ମ୍ୟାନେଜମେଣ୍ଟ୍	Plot No 843/3, Ladugaon Charbahal, Kalahandi, OD	India
S3-245133916	SANDOVAL, ALBERTSON & LEVY AUSTRALIA INC.	4928 Otsego Street, Duluth, Minnesota	US
S3-114332830	Sterling Silver (Inc)	01435 4rd St, Washington, District of Columbia	US
S3-627608863	Coex	1414 112-1416 Sunrise Dr, Unit 112, Amarillo Township, Texas	US
S3-786831449	KUNA Dealer Private Limited	Varanasi, No #92 Sudama Pd Yadav, UP, 1, Adamapur Gorai	India
S3-160658853	Melloney's Cápital Ltd	21182 Carriage Way, Queen Creek, Arizona	US
S3-699130990	Penrod Peace-Inc	10 Loveland Lane, Bristol, Connecticut	US
S3-754421830	>> Regional Great Center	4423 Southwest Blvd, Tulsa, Oklahoma	US
S3-957724166	Corporation Pawan Infra	Rajiv Ganthi St, Tiruvallur, தமிழ்நாடு	India
S3-364420425	Anvil Lcfesttye Private Limited	B 501 Rajendra Vihar Chs Plot 28 Evershine Nagar Malad West, Mumbai, Mumbai City, MH	India
S3-300224532	Downs, Knox Larrick LLC	865 Limmer Loop, # 1105, HTTO, Texas	US
S3-552320642	Marvel & Bróthers Industries Ltd	132, Ramdaspeth, Nagpur, MH	India
S3-69171474	Watson  Highland Signature Inc.	7715-7719 Locust Grove Rd, Glen Burnie, Maryland	US
S3-8782083	Ram Investments	730., Pune, MH	India
S3-789929510	Kenoor  LLC	2738 Eastridge, MESA CITY, Arizona	US
S3-548914378	Paradigm Crédit Limited	Block 6, GJ, Rajkot, Morbi, Aaradhna Society, Narendra, Opp. Ramdoot	India
S3-937604614	yf coastal atlanta corp	1125 Somerset Lane, Fort Wayne, Indiana	US
S3-490078702	Select Tri-State Diversified Corporation	Long Neck, 34233 River Rd, Delaware	US
S3-651762109	Satya Foundation Pvt Limited	Flat 1187, South Delhi, DL	India
S3-461263702	Murtaugh Supply (Inc.)	4558 Curley Court, Great Mills CITY, Maryland	US
S3-819032930	Fluxonyx	Texas, 7 April Pt, Montgomery	US
S3-168396245	Branstetter & Rubin	655 Santa Clara Ave, Tucson, Arizona	US
S3-169638082	Kelley Apex	807 St Charles Lane, Helna, Alabama	US
S3-913950232	Sterling Rocky Homes Inc	1368 Amberwood Drive, Phoenix, Arizona	US
S3-579795071	Pilla Bold	Hathorn Way Dr, Houston, Texas	US
S3-877284026	Red Bike Shop! Co	2483-2487 Glenhurst Court, Simi Valley, California	US
S3-816040903	Cyberspace Medical Centre	R-3-5 Ansal Chambers 1, Delhi, Bhikaji Cama Place, दिल्ली	India
S3-770509625	prestigeinteractive.com	H No 3-6-313 First Floor Basheerbagh Hyderaguda, Hyderabad, తెలంగాణ	India
S3-228539833	Kashipur Services (India) Private Ltd	Plot No D/10, 2Nd Floor, Shopping Complex, Ring Road Blk-a Naraina Vihar Delhi, South West Delhi, Delhi, DL	India
S3-132769266	Grand Transit Brands Inc	34 1/2 Winter Wheat Pl, Spring, Texas	US
S3-939402555	Craft Rápid Rithm Associates	Donnelly Ave, FORT Worth, Texas	US
S3-312776040	inc pediatric custom care associates	1466 Rosas, Bisbee, Arizona	US
S3-480811028	Golden Software Pvt	Dinesh Pradhan Kohadi, Bujurg, Bindawai, Azamgarh, UP	India
S3-172792404	డైనమిక్ Sun Trading Private Limited	C-15, Snehapuri, Parawada (Mandal), Anakapalle, Visakhapatnam, Vishakhapatnam, AP	India
S3-781467764	Veolumx t/a Teum Holdings	621 Poplar Street, Unit Apt 119, Jacksonville, AR	US
S3-441412200	Royal  Hospitality Systems LLC	#23064 Sheri Ln, Elkhart, Indiana	US
S3-28509014	Nelia Moore, D.D.S., M.D., LLC		US
S3-898759711	Co Commission on Education	1180 Hlckory Flat Rd, Buckhannon, West Virginia	US
S3-318595667	Godspeed Consultant Limited Center	G-8 First, Jaipur, RJ	India
S3-151326341	Shri Bb  Industries Co	Fl18 Nikhil Co.hos.soc., Pune City, Pune, MH	India
S3-167109478	Hernandez, Torres and Daye Medicines  Inc	Henrico, 2856 Queensland Dr, Virginia	US
S3-576518467	Shree Limited Private Marketing	Hn B3/159 235C, Ground Floor, Phase1, Adarsh Palm Meadows, Bangalore South, Bangalore, KA	India
S3-223378799	egcommerce.com	431 Meacham Street, Fl. 0, Saint Louis, Missouri	US
S3-982490344	Foot & Aen-Care Associates Of Christiansburg Town Inc	332 Tanglewood Drive, Christiansbrg, Virginia	US
S3-799024726	The Concordia Olguin Clean Idea L.L.C.	8411-C Callabee Way, # 1, Antioch, Tennessee	US
S3-904865577	Shri Srm Software Ventures [Pvt.]	Lotus Land Mark;66, Mutyalampadu Vja, Vijayawada (Urban), Krishna, AP	India
S3-883841328	Solanceyn Builders Center  Corporation	3065 Burbank Rd, Town Of Stockton, Wisconsin	US
S3-464381537	Blue Agro-Private Limited	19/772/4, Kollam, കേരളം	India
S3-368351700	Select Digital Concepts LLC	7901 78th St, Lincoln, Nebraska	US
S3-443992775	Miraumbra	S. No.33/2/1, Fl. No.6D, Laxmi Garden Society, Haveli, Pune, Maharashtra	India
S3-848269265	Cell Clinic Company	Kolkata, Ostad Amir Khan, Sarani, 3Rd Floor, Kolkata, 204, Howrah, WB	India
S3-483125038	Surya Constructions Private	#441 802, 8Th Floor, B Wing Express Zone, Malad East, Mumbai City, Mumbai, महाराष्ट्र	India
S3-589149301	లోటస్ మార్కెటింగ్ ప్రైవేట్ లిమిటెడ్	Ramachandrapuram, Door No 22 205 U P Plot No 205 Road No 7 Sangareddy District Ameenpur, TG, Ramachandrapuram	India
S3-250393894	Valley Dte  Massage	268 Water Street, Saint Paul, Minnesota	US
S3-324595359	ਸ਼ਿਵਮ ਗੋਲਡਨ ਪ੍ਰੋਡਿਊਸਰ ਐਲਐਲਪੀ	Building No. #1019, S A S Nagar, Mohali, ਪੰਜਾਬ	India
S3-88374155	Hans  Recycling (Limited)	No 6-50 2Nd Floor Kirti Nagar Landmark Furniture Block Kirti Nagar Delhi, Delhi, West Delhi, DL	India
S3-726875344	Kalyani Home  LLP	Door No 35 28, Palm Court, Jagatpura, Jaipur, RJ	India
S3-605909368	Ferous International	Polk St, Straughn, Indiana	US
S3-522359643	Backalleycafe.Com	220 Prentis St, Medical Lake, Washington	US
S3-55806033	M/s *** Srikanth (India)  Exims	65/3789, Qatar Plaza, East Nadakkavu, Kozhikode, കേരളം	India
S3-810267966	Company Athena & Co Enterprises	Office No.111, Preet Vihar, DL	India
S3-826697584	medina pacific triumph	457 1/2 Old Drug Store Road, Garner, North Carolina	US
S3-886852683	jpproducer.com	6203/1, Block I Dev Nagar, Karol Bagh, New Delhi, दिल्ली	India
S3-602996797	Saint Anthony Pediatric Dentistry Pioneer		US
S3-801338340	C-Scheme Polymer	A-15, Dwarkapuri, C-scheme, Jaipur, राजस्थान	India
S3-845273028	Néxumbra	236 Broadway Street, Johnson City, Tennessee	US
S3-113564394	Paradigm Forgings Private Ltd	Ernakulam, Ix/d/65, കേരളം, Aluva	India
S3-752526755	Smart Mountain Baeiitr Partners	698 1971, Yantis, Texas	US
S3-999864867	Ania Garrett Désert Dragon LLC	2802 Barn Swallow Rd, Enid, Oklahoma	US
S3-754917936	Colonial Corp	001111 Chestnut St, Newton, Massachusetts	US
S3-966963807	Bozich's Services	Coram St, Taunton, Massachusetts	US
S3-976003929	doralynlackeyrobinhood.com	Clarendon Ter, Newington, Connecticut	US
S3-292976749	Red Business	New No ##67, Old No 25, Mint Subbarayalu Naidu St Old Washermenpet, Chennai, தமிழ்நாடு	India
S3-439119586	Secure Medical Works Group	4759 Bell Rd, NULL, Phooenix, Arizona	US
S3-736295925	Star1a Craft Colonial Hotel Riverside	1926 Second Ave, PMB 8548, Leavenworth, Kansas	US
S3-248745848	electro storage pvt ltd	Flat No. 303, Madhuvan Park Co-op. Hsg. Soc. Ltd Plot No. 247 / 248, Gidc, Vapi, Valsad, GJ	India
S3-239367161	Pinnacle Eletial LLC	6623 Maple Ln, Alexandria, Minnesota	US
S3-650620113	Incorporated Glyphelle Keycorp	##3704 4th Street, Daytton, Ohio	US
S3-657222970	O+ Fortune	8404 Houston Rosslyn Road, Houstton Township, Texas	US
S3-354715806	Apt Infra Private Ltd	0701/C, Mumbai City, MH	India
S3-195014216	Glaze Living Pvt Ltd.	Plt 40A/95/Sn/182 Shanti, Mumbai, MH	India
S3-204300421	Regional Unified Briacell Co	14 Allison Road, <NULL>, Vernon, Connecticut	US
S3-883985039	Padgett Gfrra	1824 Suanne Drive, Tyler CITY, Texas	US
S3-925053778	Chiropractic Health	1042 Cutler Place, Charlotte, North Carolina	US
S3-213092687	Metro Sunstone	1361 1/2 Firethorne Drive, Mason Ciity, Ohio	US
S3-53758355	Corp Primary Care Specialists	692 Shannon St, Fl 1, Chandler, Arizona	US
S3-384328795	Thomasbernelledds.Com	Indian Run Road, Bellingham, Massachusetts	US
S3-146189711	Xylobrixtavo t/a Best Agricultural Products LLC	200 N B Street, Gas City, IN	US
S3-220826106	Miller, Lawrence & Baker Hub Partners	3158 Road 132, # 1, County, Wyoming	US
S3-658915291	Shree Producer Furniture Private Limited	Desk No:37 Kokarya, Bangalore South, Bangalore, KA	India
S3-590103152	Horizon  Muniyield	719 Treeside Ct, # APT F, Chesterfield, Missouri	US
S3-616005138	Ltd Family Beacon Moedince	3012 Macadamia Way, Dover, Delaware	US
S3-293978467	Marketing Raksha Packaging  Pvt Ltd	House No. 6-2343, Faridabad, HR	India
S3-418835231	Youth & Sons Pvt	B-198, Gautam Buddha Nagar, Dadri, UP	India
S3-150202850	Mohan (India) Technologies Limited Services	X1002 Tower 1 Adarsh Palm, Retreat, Outer Ring Road, Bangalore South, Bangalore, KA	India
S3-851105777	Nguyen, Platt & Mann Highview Co	1896-C Vance Tank Rd, Bristol, Tennessee	US
S3-37660094	Direct Modern Modern Redwood LLC	13827-13829 George Washington Memorial Hwy, Gloucester County, Virginia	US
S3-804147591	kmgdurga.com	Door No 993 1104, Tower 2, Crescent Bay, Jerbai Wadia Road, Parel, Mumbai, Mumbai Ii, MH	India
S3-635377387	A Appliance Midtown LLC Partners	06218 Highland Brook Drive, Clemmons, North Carolina	US
S3-875342922	Mendez Mrshall LLC		US
S3-471731074	Hotel Constructions Traders Private	No 10-3-3/33 & 10-3-32/A, Secunderabad, Hyderabad, TG	India
S3-145966591	Pmnae Hcm PC	73 Avoca Avenue, Massapequa Park Township, New York	US
S3-718782712	Halperin Bnlckmck	Illinois, Carbondale, 717 Apricot Ln	US
S3-408261859	इंडो प्रोडक्ट्स प्राइवेट लिमिटेड	Sop No.1, Navi Mumbai, Panvel, MH	India
S3-84322725	Nirman Food Private [Limited]	G081, Madhavpark, Vadodara, Tarsali, GJ	India
S3-690070174	Catina Olvie Frontier Ultra Ltd	2 Crestview Ln, Westminster, Massachusetts	US
S3-159853730	Modern Cosultants Pvt Ltd	E-41, NULL, Delhi, West Delhi, DL	India
S3-984368607	Rapid Popular LLC	0614 Bell St, Wilbur, Washington	US
S3-760825131	गुजरात इंडस्ट्रीज प्राइवेट लिमिटेड	Plot G-486 Janta Flat No-271, Pkt-b, G/f, Cat-c, Ph-ii, Sector-16, New Delhi, DL	India
S3-695056370	campos direct technologies inc	2502 Milburn Boulevard, Mishawaka, Indiana	US
S3-499390397	Childers Ampercap	32C Anna St, Dayton CITY, Ohio	US
S3-395105745	Stanley Malt (Ltd)	19 Smiht Rd, Hopkinton, Massachusetts	US
S3-332427150	8rina Curley	5217 Academy Road, Cookeville, Tennessee	US
S3-636358389	Bangalore Mills Private Limited	C 303, Bangalore, KA	India
S3-352971958	Heart Charities Partners	852 University Avenue, Minnesota, St Paul	US
S3-859137239	IX Emarketing LLP	#14 Central Area, Aavri Mata Ji Mandir Road, Girwa, Udaipur, राजस्थान	India
S3-747355483	shiv business private limited	Near City Thana Kath Mandi, Divreportingcircle, Sonepat, HR	India
S3-49626454	Abhilash Associates Services	Mumbai City, Mumbai, MH, No B3/6th Floor, <NULL>	India
S3-783135164	Balaji Builders Limited	House 58, <NULL>, New Delhi, Delhi, DL	India
S3-413287427	Ashtavinayak Power Group Private Limited	Unit J-911, తెలంగాణ, Hyderabad	India
S3-528999942	Ember  Rate	1516 Beacon Ridge Road, <NULL>, Charlotte, North Carolina	US
S3-702628487	Maya Sangh Enterprises Company	21/29, Chennai City Corporation, Chennai, TN	India
S3-957653093	Avid & Brothers Ltd	Survey No: 154, Hno : 7, 107 Main Road Gandipet, Rajendranagar, K.v.rangareddy, TG	India
S3-937743950	Sacramento, County Of Downtown	#2264 Frazier Ct, Sacramento, California	US
S3-352624027	Diversified Mortgage [Consultants]	133 Landon Dr, Dover, Delaware	US
S3-860130586	Bijnor Consultants Public Limited	UP, Bijnore, Bijnor, 84	India
S3-660342206	Jenelle-Peer, DMD	640-C 57th Street, Omaha, Nebraska	US
S3-274222500	Praja Chambers Law	12/1, Gurgaon, HR	India
S3-897908156	Technologies Advanced Services	6809 Black Gum Circle, FORT Smith, Arkansas	US
S3-948466849	Dynamic Limited Global	UP, N ##14/27 F-1 Ashutoshnagar, Varanasi	India
S3-18473496	Diwakar  Educational Society Ltd	D/4-72/1, Subhash Nagar Behind Apollo Hospital, Karimnagar, Nellore, తెలంగాణ	India
S3-478781632	Walker Morrell and Butler	4295 Viridian Ter, Monrovia, Maryland	US
S3-571127730	Rubio Platinum Corporate, Holdings	4168 Lancaster Dr, # 40, Marion County, Oregon	US
S3-252128479	Ingram Endocrintology LLC	9669. Frito Ave, Mesa Four Peaks, Arizona	US
S3-484895778	Shakti  Power Limited	Chennai, Madras, Madha Church Road, 6, TN	India
S3-360939915	Dadabhai Road Andheri West Care Limited Service	Plot 102. Sachin House, 18, Dadabhai Road Andheri West, Mumbai, MH	India
S3-946102641	Center Cultural LLC	250B Coanza, NULL, West Helena, Arkansas	US
S3-575525905	शिवा यूनाइटेड इंडस्ट्रीज प्राइवेट लिमिटेड	Kurla West, Kismat Nagar, Cst Road, B-##39, MH, Mumbai Suburban	India
S3-900106368	Sr Technology Center Limited	303 Dwarka Chs Ltd, Goregaon West, Mumbai (SUBURBAN), MH	India
S3-92002948	Sun Private Limited Services	4/100., Vazhapadi, Salem, தமிழ்நாடு	India
S3-16789403	6reen Township Private	12-2-823/A/2/1, Hyderabad, TG	India
S3-257562961	@mohlersummit	##602 Mauney Road, Stanley, North Carolina	US
S3-351636801	bzweb.com	3/32 Chhitrakut Vaishali Nagar, Jaipur, RJ	India
S3-375471546	Classic Investment	2095 Main Street, Waterbury, Connecticut	US
S3-852718450	Unitech (India) Promoters Associates Corporation	A-14/2, Mohanlalganj, Lucknow, उत्तर प्रदेश	India
S3-545664817	Oyster  Mart Holdings Limited	Unit No.324, महाराष्ट्र, Pune City, Pune, Sr.no.17/1a/1, (P) Goodwill Square Pune	India
S3-742586482	Lower-Custom Stores Inc	311 Gambier Saint, Mt Vernon, Ohio	US
S3-817896451	Minerva & Minerva	Nox.lvii/436 (Old No. Tpw.2/418) Ground Floor, Kannur, കേരളം	India
S3-922636035	गुरु ट्रेडिंग लिमिटेड	C/o Maya Singh, Karnal, हरियाणा	India
S3-770183234	Foot and Ankle Bay  Specialists LLC	18 Bungay Rd, Seymoour CITY, Connecticut	US
S3-812130826	*** researchnexola.com	9334 Ravenridge Rd, Parkvville, Maryland	US
S3-944282905	@womenshealth	47 Muskingum St, # Apartment 2, Depew, New York	US
S3-589621314	Vijay Projects Priavet Limited		India
S3-655551614	Veracity Exhibitors  Private Limited	Flat No- A02, Raj Villa, Parnami Manidir Road, Siliguri, Darjiling, Darjeeling, WB	India
S3-711373924	Private Blue Care Limited	RJ, 30, Jaipur	India
S3-386624368	Valentia Freight Rigdon Inc	11206 Snd Bay Ln, Town Of Liberty Grove, Wisconsin	US
S3-429911558	federal health center	##4412 Stone Mountain Drive, Fort Worth, Texas	US
S3-894870818	R O Garcia (Partners)		US
S3-803783626	Khin, Bea, DPM, Inc	8728a Melett Ln, Arkansas, Benton	US
S3-968443616	Heartland Fact  (Inc)	Falmouth, Massachusetts, 0048 Little Rock Ave	US
S3-584580805	Wilson and Yátes Plus LP	Jack Rabbit Dr, Fort Mohave, Arizona	US
S3-374693493	Regional Insurance L.L.C. Partners	1100 Allman St, Carbondale, Illinois	US
S3-966663160	Pvt Bangalore North Development Ltd	#B3/224, 3Rd Floor, Old Madras Rd, K R Puram, Bangalore North, Bangalore, KA	India
S3-551778816	Shiv Services प्राइवेट लिमिटेड	Block No. 21, Room No 123, 3Rd Floor, Near Nandvilla, Ulhasnagar, Aurangabad (MAHARASHTRA), महाराष्ट्र	India
S3-432164890	Cope Waste  LLC	38-40 Star Wars Way, Hindman, Kentucky	US
S3-558112209	Lengel & Watkins Saratoga	13 Flying Point Road, Southampton, New York	US
S3-204205954	ಸೌತ್ ಬಿಸಿನೆಸ್	Bangalore, #19 (Old No.1036), KA	India
S3-560263302	Montary Best Omaha, of PLLC	16213 Rolling Ridge Road, Omaha, Nebraska	US
S3-15592380	Zephsol	H.no A-246-b/8main Najafgarh Road Uttam Nagar, Janakpuri, West Delhi, DL	India
S3-262502185	Aadithya Extrusion Pvt.	Gh-28b, Noida, Gautam Buddha Nagar, उत्तर प्रदेश	India
S3-538882911	Pediatric Dental Physicians Inc.		US
S3-949824629	Boolean & Sons Prihvte Limited	Plot No - 80, D.no. 5-5-35/153/4/1, First Floor, Prashanthi Nagar, Kukatpally, Hyderabad, Kukatpally, TG	India
S3-684237045	Laxmi Labs Care Corp	Office No.- F-16a, 1St Floor, Haware Centurian Off. Plot No.-88-91, Sector-19a, Nerul (East), Navi Mumbai, Thane, महाराष्ट्र	India
S3-453471914	Viojax	Plot No 250/1-2-3/9, Surat, Pandesara, ગુજરાત	India
S3-276340966	Nylagild dba Blue Modern Farms Group	7517 5 Avenue, Brooklyn, NY	US
S3-290581954	selectsciences.com	376 Perkins Ave, Hempstead, New York	US
S3-611908542	Eastern  Shipping	Maine, Augusta, 112 Eastern Ave	US
S3-712567956	Parker White Therapies	01207 Fifth Street, Roanoke Rapids, North Carolina	US
S3-700966025	robbie's grill	Indianapolis, Indiana, 4423 Robertson Boulevard	US
S3-918995225	Evobrix D.B.A. Kandivali East Stone Private Limited	411 B Wing, White City, Cts No 174-C, Akurli Road, Kandivali East, Mumbai, Maharashtra	India
S3-572908938	TITAN TITAN LLC		US
S3-376084038	Molina's Partners	4925 Opal Ridge Ln, Unit Condo 103, Indianapolis, Indiana	US
S3-868923476	Montelle Center		US
S3-585464626	Integrated Semiconductor-Union Inc.	Scottsburg, 7740 Delaney Park Road, Indiana	US
S3-304954093	Vision Better Cénter Group	469 Sweet Bay Ln, LAKE Havasu CIYT, Arizona	US
S3-660668404	Across Welfare-Society Limited	उत्तर प्रदेश, Lucknow, 2Nd Foor, Sara Mansion Building, 11 B.n. Road, Lalbagh, Lucknow	India
S3-872352971	Galaxy ánand International Private Limited	Door No B3/73-b F/f, Two Side Corner Hauz Rani Malviya Nagar New Delhi, Delhi, South Delhi, DL	India
S3-459298427	Chiropractic	11171 Oakwood Drive, Unit UNIT 103, Loma Linda, CA	US
S3-799182979	The Riify (Corp)	356 1/2 Cherry Lane, Durant, Oklahoma	US
S3-511230962	Tavoxylo d/b/a Shivam Dynamic Producer Private Limited	Serve No.79, 18B, Flat No.103 104, Kundan Heritage, Bopodi, Pune City, Pune, Maharashtra	India
S3-768672422	Caril, -- Swamy Hills	Wedgemere Drive, Victoria, Minnesota	US
S3-567551339	Preferred Unified Principal Westgate, Inc	Washington, 4282 44, New York	US
S3-875062984	Ciraquo Sys F/K/A Margaretta Dowler House PC	7499 Javier Lane, Dittmer, MO	US
S3-428768273	তিরুপতি ম্যানেজমেন্ট প্রাইভেট লিমিটেড	Bl-cf, 1St Floor, Fl- F10 19, Canal South Road, Kolkata, Howrah, Kolkata, WB	India
S3-465175532	Dr Startup Investment Private Limited	H.no 55/2 At Post-rashin Tal-karjatdist-ahmednagar, Ahilyanagar, Ahmednagar, MH	India
S3-729320138	লক্ষ্মী এস্টেট প্রাইভেট লিমিটেড	Door No 17A British India Street First Floor, Kolkata, Howrah, WB	India
S3-239795702	Horizon LLC  Services	5010- 58th Street, Vancouver, Washington	US
S3-371331290	Peak LLC (Center)	1933 Dner Creek Rd, NULL, San Bernardino, California	US
S3-890041400	Sjr  Partners	Bangalore, Bengaluru, Vaibhav, 8Th Main, 5Th Cross Koramangala, 3Rd Block, No.##19, KA	India
S3-24206493	ಬ್ರೈಟ್ ಕನ್‌ಸ್ಟ್ರಕ್ಷನ್ ಫುಡ್ಸ್ ಪ್ರೈವೇಟ್ ಲಿಮಿಟೆಡ್	Ddor No 333, Neralekere Post, Tarikere Taluk, Chikamaglur, Chikmagalur, ಕರ್ನಾಟಕ	India
S3-869462086	HR Retail	Flat No. G-106, Poona, Pune, महाराष्ट्र	India
S3-406468125	न्यू मीडिया प्राइवेट लिमिटेड	Mr.anum Fazaz S/o Iqaluddin E 238 Basement, Gerater Kailash Ii, South Delhi, DL	India
S3-435438494	Alagu Sángh	Arun Academy Building, Jaipur, P.no. 6, Opp. J. P. Phatak, Behind Lotus Dairy, Sehkar Marg, Jaipur, RJ	India
S3-283782555	Audre'S Properties (LP)	2755 Estrella Parkway, Unit 137, Goodyear, Arizona	US
S3-214272204	SURGICAL CASCADE PARTNERS	4833 Willow Bluff Circle, Knoxville, Tennessee	US
S3-837981135	Delta Tréasury, Ltd	1817 N, Iowa, Hawarden	US
S3-729078169	Movement Sangh	Shhp No. U-a-3, Bharuch, ગુજરાત	India
S3-608235014	Temple  Services	8504 Slringvale Rd, Silver Spring, Maryland	US
S3-300104137	Simmons Manufacturing-P.L.L.C.	1162 19st Street, Unit UNIT 1211, Upland, California	US
S3-269845253	Baughan Kensington	00680 Seneca Avenue, Ridgewood, New York	US
S3-568071793	Martinez-And Halstead	448 Burnham Ave, Des Moines, Iowa	US
S3-701941347	Value Investment  Partners LLC	Morgntown, 126 Legacy Drive, West Virginia	US
S3-519267557	Craft Gobnee Cleaning Service (Inc)	102 Pushmataha Ct, Dauphin Island CITY, Alabama	US
S3-897029674	Advanced Continental Inc Center	1947. Baseline Rd, # 27, Phoenix, Arizona	US
S3-643232232	Engineering Swamy Services Clinic	29, Mukhram Kanoria Road, Howrah, Kadamtala , Panchanantala, পশ্চিমবঙ্গ	India
S3-649789789	SINGH & CHAPMAN SOUTHSIDE	575 Sunset Drive, Oxbow, North Dakota	US
S3-455728072	hermiston first columbus inc	1936 Eighth Street, Hermiston, Oregon	US
S3-895371174	shiva industries private limited	Sp-g-43, Maurya Enclave Pitampura, New Delhi, DL	India
S3-71700924	Golden Ventures  Private	Shristi Mahal, Coimbatore, TN	India
S3-726226676	Byrne & Finkelstein	007874 Rd 424, Antwerp, Ohio	US
S3-738787637	>> SHREE ALPHA ENGINEERING LIMITED	WB, Vidya Sagar Pally Po-jhaljhalia, Kothabari, Malda, C/o Ajit Kr Saha	India
S3-966573249	Xylobrix aka Midwest Disciplined Inc	709 Hemlock Street, Lafollette, TN	US
S3-203974335	Parker Lease L.L.C.	Carson Drive, Burtonsville, Maryland	US
S3-466676479	Sri Urban  Producer Limited	Village - Ugardaha, Hooghly, WB	India
S3-194220781	Bangerter (Partners)	North Carolina, WAKE Fores CDP, 3506 Sparrowwood Drive	US
S3-673763261	পায়োনিয়ার প্রজেক্টস প্রাইভেট লিমিটেড	Room No. 12- 7Th Floor, Kolkata, Howrah, WB	India
S3-397415525	donaldson,, marcella p.a.	85 Bargus Way, Hot Springs Village, Arkansas	US
S3-603856326	Lilli Musser Rocky Idea Inc	621 Varys Court, Spring HLIL CITY, Tennessee	US
S3-936092954	Roberts, Taylor and Stanard [Corporation]	Mausotn, #536 Maple Dr, Wisconsin	US
S3-819821997	aceservices.com	Door No 3/1705 / E Thillai Nagar, Pallapatti Panchayat, Sivakasi, Virudhunagar, TN	India
S3-149374235	Cloud Academy Private Ltd	29A, WB, Nandan Road, 1St Flor, Howrah, Kolkata	India
S3-478524206	-- SHREE & BROTHERS PRIVATE LIMITED	No 31/234, Kozhikode, KL	India
S3-875144841	Brixnexbrix	Arizona, PMB 6319, Casa Grande, 7982 Lantana Ln	US
S3-245758973	Mcinerney Group Services	2810 10, Watertown, Minnesota	US
S3-184587904	CORNERSTONE INFRASTRUCTURE CONCEPTS	19050. Fuller Heights Road, # UNIT 426, Triagnle CDP, Virginia	US
S3-98400904	Hernandes Motors	Preserve Crossing Blvd, Bldg 56, Columbus, Ohio	US
S3-73855903	M/s Grm Services	B-55- Pachimi Mang, दिल्ली, South West Delhi, New Delhi	India
S3-475913807	स्काई बिल्डर्स कंस्ट्रक्शंस लिमिटेड	Block E-476 Flat No-818, Tower-o, Piyush Height, Sector-89, Faridabad, HR	India
S3-290887935	Custom Design West, Inc Services	423 Elverton Ave, Staten Islnd Township, New York	US
S3-297498597	Technologies	M.C.F-3987, Near Nav Chetna Hospital, Sector-23 Faridabad Hr In, Faridabad, Haryana	India
S3-605352916	Sky Care General Private  Limited	19-B, Gurgaon, Jhajjar, HR	India
S3-18936246	Red Bistro LLC Services	125-B Serenbe Cv, Collierville, Tennessee	US
S3-524280908	Express Pconaftey-Corporation	4486 86th St, Urbandale, Iowa	US
S3-204230706	Hernandez LLC Tower Allied Allied	4031-4033 Esters Rd, Unit 2092, Irving, Texas	US
S3-480103214	Green Academy L.L.P.	#7/8 Botawala Bldghorniman Circle, Mumbai, MH	India
S3-857255905	LLC Liberty Cerhilied Catering	Lakeland Avenue, Clarkstown, New York	US
S3-141506690	Dermatology Specialists Industries		US
S3-106196636	DCH  Renewables	44-A Cedar Dr, Denison, Texas	US
S3-605257364	Midwest  Elite LLC	Arizona, Arrowhead, 6144 Fallen Leaf Ln	US
S3-61889425	One Solution Private	B1-90/a/14/ New Budge Budge Trunk Road, Howrah, পশ্চিমবঙ্গ	India
S3-941511369	Glynis Emberton Prime (Roofing-Inc)	2860 Saint Elmo Ave, Memphis, Tennessee	US
S3-514041989	American Patriot Cohen, LLC		US
S3-256385375	Prater Ly Wisconsin Inc.	131 Shawnee Branch Rd, Huntington, West Virginia	US
S3-423473272	Zetaxylo F/K/A Doyle & Malik Information LLC	47 Lawndale Avenue, Unit APT A, Indianapolis, IN	US
S3-441424516	Drexflux	1639 Summit Ridge, Lebanon, Tennessee	US
S3-339720515	न्यू प्रोड्यूसर प्राइवेट लिमिटेड	302 Third Floor Dayanand, 1408 Katarias Apartment, Urban, Gurgaon, HR	India
S3-246375387	Sri Ultima Builders Holdings Limited Service	A-62 Okhla Industrial Area, New Delhi, South Delhi, DL	India
S3-260341711	IZL Independence	1503-A St James Place, Arlington Heights, Illinois	US
S3-609689734	National Creative	829 Lehigh Avenue, Vesal, New York	US
S3-743458177	hendersongoldenskin.com	088 Angelo Aly, Spelter, West Virginia	US
S3-46152992	Batech, Llc	Seattle, Washington, 32nd Ave	US
S3-441640276	Housing Fellowship Corp	7152 Fuller Station Road, Schenectady, New York	US
S3-442680990	Strategic Property Advisors Co	1910 Kalorama Rd, Unit 105, Washinton, District of Columbia	US
S3-993627870	#76062 Quality Antimony-Inc	405 Lakeshore Drive, Paducah, Kentucky	US
S3-405814914	biex l.l.c.		US
S3-911605487	Lyratavo	Sco-15-16, Gk Estate, Mundian Kalan, Ludhiana, Ludhiana, Punjab	India
S3-764750922	Dr Ambrosia Mp	Bldg No C Shop No 05, Sn73000/9/4, Ashoka Agam, Pune City, <NULL>, MH	India
S3-454183630	Federal Pinnacle		US
S3-620122596	Aurangabad Centre Enterprises Private  Limited	Hn 55 P.no. A-8/8 Sararaj Nagar, Shiajinagar Garkheda, Aurangabad, महाराष्ट्र	India
S3-143787089	green pampa llc	Maryland, Baltimore, #5727 White Ave	US
S3-990324505	Gael Goodman  Lightwave LLC	Pine Street, Lima, Ohio	US
S3-439688939	Internal Group Services Enterprises		US
S3-689389542	credit investment brands south corp	25209 St Helens Road, # 19, Scappoose, Oregon	US
S3-403736983	Premier Rlnty Systems Highland	Pennsylvania, Huntingdon Valley, 2262 Valley Road	US
S3-249877508	FWO Jewellers Pvt. Ltd	Sy No. 2320 Paiky, Surat, ગુજરાત	India
S3-480727276	Pacific Federation	02620 1700, Ogden, Utah	US
S3-328425476	Pearl Trtnig Pvt Ltd	D-29, South Delhi, New Delhi, DL	India
S3-97078766	Lewin-Blockchain	7744d Krefeld Glen Drive, # 1610, Charlotte, North Carolina	US
S3-19799772	AC	Fh-906 D.D.Nagar Rajawat, Bhawan Ckt-1 Pole-2, Morar, Gwalior, Madhya Pradesh	India
S3-515386878	-- Childers Charter School Llc	00412 Cayuga Creek Rd, Cheektowaga, New York	US
S3-598438595	Pyrapyra aka Interstate Prudential PLLC	8269 Bethel South Fork Road, Snow Camp, NC	US
S3-560301253	India Shankheshwar Developers Pvt.	Flat-106, Andheri (East), Mumbai, MH	India
S3-615954776	Johnson Deli Dyandmsc	8400- Colesville Road, Silver Spring, Maryland	US
S3-839192400	Zesoft Corporation Center Co	Monroe, Unit Q, North Carolina, Jefferson Street	US
S3-546385316	Lee and Duhamel Co	Washington, 26126 195nd Pl, Covington	US
S3-521283666	Gsb Advisors (Pvt)	H.no 41 Mumbai Samachar Margbharat Floorings, Greater Bombay, Mumbai, MH	India
S3-581577760	Hester Partners	90th St, Gig Harbor, Washington	US
S3-722728573	Piedmont Companies  Inc	6511 700, Culver, Indiana	US
S3-619780262	பம்பாய் மீடியா பிரைவேட் லிமிடெட்	Sf No. 175/99, Anna Nagar, 2-Nd Street, Thandalam, Kanchipuram, Chengalpattu, TN	India
S3-391094104	Complete Partners Wellness	04 Cunniff Ave, Milford, Massachusetts	US
S3-634677115	UMA & C0	5490, Street No 4 New Shivaji Nagar, Ludhiana, PB	India
S3-762928204	Dorsey Lndependence PC	212-216 10th Street, # 16, Charlotte, North Carolina	US
S3-475946388	novex logistics pllc	1740 Oakdale Rd, Camden, Tennessee	US
S3-382788563	Unified Heartland	2919 Eagles Nest Drive, Bowie, Maryland	US
S3-994505206	Devers,Dyane E., D.C.	5608 Arrowhead Drive, Texas, City Of El Paso	US
S3-138768321	Netti  Burns Biosciences	009810 Banbridge Street, Tucson, Arizona	US
S3-71418530	Company Aravind Re (Idbn)	Iv/70. M, Ernakulam, Kunnathunad, Keralam	India
S3-653714090	Tech Religious Maa	Hn-e-99 F/f Black E Kh N, New Delhi, South West Delhi, दिल्ली	India
S3-74621216	Unified Health Innovations Corp	##1144 Salt Point Tpke, New York, Pleasant Valley	US
S3-931674180	Bailey Creative World,	142 Schoharie Pkwy, Cobleskill, New York	US
S3-380263593	RKB Mbc	8782 Monroe Street, Merrillville, Indiana	US
S3-292257863	Sterling Construction Ventures Partners	#75-36 61 St, Ridgewood, New York	US
S3-88669772	Software Njd Consultancy Private Ltd	Flat No 503, Pune City, Pune, महाराष्ट्र	India
S3-765877648	Kadakkal Holidays Pvt [Ltd]	Vi 372, Nadapara Kummil P.o., Kadakkal, Kollam, KL	India
S3-500677096	Quoumbrax née Winning Fintech LLP	Flat No 201, 2Nd Floor, Vidyanand Chs, 24Th Road, Opp S.T Theresa Church, Bandra West, Mumbai, Mumbai City, Maharashtra	India
S3-966901484	Elite Úbs LLC	5 Raven Court, Bolingbrook, Illinois	US
S3-784846691	automated payment union (ID: 28964)	4109 1/2 Abingdon Dr, Garland, Texas	US
S3-153095914	Vega Corp.	1911-1913 Sunray Court, West Linn, Oregon	US
S3-773782681	Vitech Shop Tire	141 Cricket Avenue, Lower Merion Township, Pennsylvania	US
S3-134665094	... Gold Tbedchnologiies Pvt Ltd	Office 0921, Binori B Square - 3, Sindhu Bhavan Road, Nr. Trade Bulls, Daskroi, Ahmedabad, GJ	India
S3-806319575	Splendour Moulds Private	14/291 N Suite 07U, Ernakulam, KL	India
S3-631429623	Leblanc LLC Services	150 Lazy Dog Lane, Shelton, Washington	US
S3-929979417	Tadiix Holdings	##729 Oakmont Ln, Fort Worth, Texas	US
S3-460471878	Indo  Management Private	Gala No 2-7 Navalkar Wadibeh. Muncipal Market Nr Cevel Crossing Jogeshwari (E), Mumbai, Mumbai City, महाराष्ट्र	India
S3-210674363	Padmanabha Sólutions	G-110, Khar (West), MH	India
S3-580493934	YOL Employment Private	C/o Raj Sigh, Ram Nagar, Faridabaad, हरियाणा	India
S3-600835328	Golden Fóundation L.L.P.	Block D-670 House No.763, Khera Khurd, New Delhi, Delhi, DL	India
S3-966459156	Cardiology Care	204 Weber St, Antwerp, Ohio	US
S3-920820691	-- Machinists Local [688]	815 Timothy Drive, Crossville, Tennessee	US
S3-342132936	Smt One One Cáre LLP	36 Godrej Garden Enclave, Tower No. A-5 R No. 34, Pirojshahnagar, Vikhroli (E), Mumbai, MH	India
S3-185388699	AEW Solutions Limited	KA, Ward No 002, Raichur, Near Main Road, Gorebal Sindhanur, Sindhanur	India
S3-740659337	Complete-LLC Cannabis Crystal	9811 Besetzny Lane, Amarillo, Texas	US
S3-436839067	Thompson & Davis Occupational Therapy LLC	4776b Posse Dr, Eloy, Arizona	US
S3-47170935	Jones Líving	155 Union Street, # 3, Lawrence, Massachusetts	US
S3-706632872	Eastern Properties Industries (Private)	44/N/13., Khudiram Bose Sarani, Kolkata, Howrah, Kolkata, WB	India
S3-967973733	Ganganth Prefab  Private		India
S3-983937391	India  Amkay Hotels Group Pvt Ltd.	Godown 1 Basement Ka-395, Ghaziabad, Greater Noida West, UP	India
S3-275631575	Fadyne P.C. Center	259 Highawy 225, Greenbrier, Arkansas	US
S3-827068074	Shree Group Private Limited Partners	No. 6A, Chennai, TN, Chennai City Corporation	India
S3-340746469	Maurita's Physical Therapy West Corp	#10362 Galloway Dr, Fl 0, Saint Loouis, Missouri	US
S3-85606801	Margalit Inc. P.A. Ward,	Lake Ave, # Apartment 1, Albany, New York	US
S3-221972402	Noviorbi DBA Noble & Co	Lakhisarai, Bihar, Naya Bazar, Bazar Samiti, Infront Of Krishna Hotel	India
S3-75691049	Sullivan, Garner and  Jones		US
S3-363963987	SA Buildmart Private  Limited	E-1008, Ahmedabad, Ahmadabad City, GJ	India
S3-233046500	Pyrazeph	31 3rd Avenue, Lidgerwood, ND	US
S3-558115814	Timber Fhaabcsogy Inc.	1925 Hllly Ave, Ontario, California	US
S3-750926613	northernhomecare.com	8600 Citrus Avenue, # UNIT 255, Fontana, California	US
S3-594356120	Mumbai India Private-Limited	1060, Mumbai (SUBURBAN), Mumbai City, MH	India
S3-665715843	Edmond Dynamic Pacific	134 Hillcrest Ter, Brattleboro, Vermont	US
S3-501329783	Sd Academy Academy Enterprises	C/o Anil Kumar Shop No.4/37 Vikas Nagar, Lucknow, उत्तर प्रदेश	India
S3-777094091	Korjaxio a/k/a Crochet, Palmer and Flett LP	306 Frankfort Street, Unit Apartment 3, Frankfort, NY	US
S3-64570845	डिजिटल सर्विसेज प्राइवेट लिमिटेड	Ft. No. C-17, Nashik, महाराष्ट्र	India
S3-921855308	Raj Consulting Pvt	Door No 604, 6Th Floor S. No. 121 122, Plot No. 45 Rambaug Colony, Pune City, Kothrud, MH	India
S3-124291758	POBLETE CÓPPER LLC	5545 Stratford Avenue, Poewll, Ohio	US
S3-740741647	Nylaonyx f/k/a Nelia R. Cardenas, DDS	New York, 9 Patchin Place, NY	US
S3-718821474	Infra  Hiteshi Livelihood Private Limited		India
S3-263668277	Jemmie Fear	Washington, 1041 Adelia St, Blaine	US
S3-365231906	Smart Consulting Automobiles [Limited-Services]	Nl 6 -15-5, Sector 8, Nerul, Dist - Thane, Navi Mumbai, Thane, MH	India
S3-727213881	Jarlic [Park] | www.jarlicpa.com	#25122 Burgh Castle Drive, Spring, Texas	US
S3-733420208	Veda Hárris Franklin LLC	15368 Real Way, Surprise, Arizona	US
S3-613252458	Orbos Commodtise LLC	4th Ave, Sauk Rapids, Minnesota	US
S3-316529748	Ronni Flores Security L.L.C.	271 Bentom Drive, Wetumpka, Alabama	US
S3-180349922	Pioneer Próducts LLP	H .N 72-7-529/22, Charminar, Hyderabad, TG	India
S3-883762248	Fayeectoflux	Hn 355 C/o Gunturi Sri Ramasat, Srikrishnapatnam, East Godavari, ఆంధ్రప్రదేశ్	India
S3-323278962	Arcmiraflux DBA: Caron's Diagnostics	1188 27th Street, Unit Unit 33, Bend, OR	US
S3-699333493	J 5 K		US
S3-453026472	Maxine Marston Inc Services	1005 Maplehurst Ct, Unit 5, Knoxville, Tennessee	US
S3-641560586	ZX Science	1083 Powell St, Norristown Borough, Pennsylvania	US
S3-480828286	Simons Precision Muniyield	5604 Market Street, Unit F, Greensboro, North Carolina	US
S3-818730870	HU Healthcare	Block F-441 D-36 Defence Colony, South Delhi, New Delhi, दिल्ली	India
S3-392123658	Mumbai  Center	H.no 522- C Swastik Disha Corporate Park Kohinoor Compd, Mumbai City, Mumbai, MH	India
S3-854676915	BHARAT PRODUCTS PRIVATE LIMITED	#72/73 Ground Floor, Pharma Search House B G Kher Marg, Worli Hill Estate, Worli, Mumbai City, MH	India
S3-119411156	Supreme Infrastructure Private	Balughata Main Roadhaldia, Midnapur, পশ্চিমবঙ্গ	India
S3-717899856	Samoex  Reliable	711 1/2 Naches Avenue, Yakima, Washington	US
S3-702156437	Emerald Corp	#22 Jonell Court, Floor 0, Saint Louis, Missouri	US
S3-355408555	Regional Defense Solutions Inc	005159 Sierra Cir, Dayton, Ohio	US
S3-673184723	5andler And Garza Inc	13549 Pocketknife Drive, Vail, Arizona	US
S3-139004644	Inc Urgent Care Grin Partners Lakeside	365 Linden Road, LAKE Zurcih, Illinois	US
S3-198457657	Piedmont Coastal Healthcare Partners Ltd	Oconee, Illinois, 420 475 Road East	US
S3-544559820	Auris Fields	2902 Mayon Drive, Chesapeake City, Virginia	US
S3-131030360	Surgical Innovative Medicine	220 Irvington Dr, Eugene, Oregon	US
S3-11677603	सेवन इन्वेस्टमेंट लिमिटेड	House No 1/350 G.f., Sadar Bazar Delhi Cantt, New Delhi, दिल्ली	India
S3-769333570	Gulf Oncology Clinic Inc.	1107 Stonecrest Drive, Brewster, New York	US
S3-955297849	preferred star analytics	Springfield, Illinois, 149 1/2 Cypress Point Dr	US
S3-513552561	firstlearning.com	Georgia, Lockwood Dr, Atlanta	US
S3-342574574	Eastern Reliable Solana Group LLC	423 Maple Avenue, City Of Green Bay, Wisconsin	US
S3-669474461	Leak Robotics Co	8380 4800, West Jordan, Utah	US
S3-295269301	Fluxumbrasol DBA LO Ftai LLC	12820 W Creek Parkway, Unit UNIT J, Goochland County, VA	US
S3-144720166	Metropolitanclassicatlanticus.Com	620 Washington St, Winchester, Massachusetts	US
S3-196092403	Hitech Ventures Periate Limited	9701 Citadel Eldeco, Green Meadows Sec-pi, Greater Noida, Noida, Gautam Buddha Nagar, UP	India
S3-81118620	PRIVATE SELEX CHEMICALS LIMITED	408, Ahmedabad, GJ	India
S3-384301271	Empire Crified Smart	810- 87, Schroon, New York	US
S3-949139593	Nevers Endocrinology	308C Washington St, Monroeville, Indiana	US
S3-502330452	-- Sputnik Engineers Private Ltd	G/3, Shahibaug, GJ	India
S3-269732947	Private Lakshmi Global Foods Limited	Door No 0710 S No 56/5B, Haveli, Pune, MH	India
S3-749077451	Northern Medical Center Llc	1535- Thompson Dr, Islip, New York	US
S3-447264028	Trao Corp  Service	2424 Delaware Street, Gary, Indiana	US
S3-342286424	Navarrete Logistics Incorporated	4928 Malibu Dr, North Carolina, Charlotte	US
S3-448277175	Preferred Corporation LLC [Services]		US
S3-882005850	pariix offshore inc.	Washington, District of Columbia, 1400 Shepherd Street, # 353	US
S3-208586776	Do1ly's  Custom Deli	Fir Park, Texas, Ft.Worth	US
S3-950566179	The Creative Estate Private Limited	TN, C/o, Chennai, Hai, Bhaskaran And Ramesh 48, Eldams Road	India
S3-815974584	Thirumala Technologies  Company	H No 452 At Washi, Tal Washi, Vashi, Osmanabad, MH	India
S3-99032390	Ltd Carr, Jackson and Klopfenstein	00261 Landers Chapel Road, N/A, Lincolnton, North Carolina	US
S3-616728251	Mr Fine  Ploytchnhic	C/o Narayan Ashruba Nagare Maharashtra Bank Colony, Beed, MH	India
S3-523114383	Malviya Nagar Leathers Private	B3/60 Vinoba Nagar, Malviya Nagar, Jaipur, RJ	India
S3-462288101	Gray Smith Federal Spire LP	6329 Vista Del Bosque Dr, Albuquerque, New Mexico	US
S3-159128071	Gadyne Silver Dominion Corp	246 Main St, Evening Shade, Arkansas	US
S3-567033539	डिजिटल आईटी प्राइवेट लिमिटेड	Flat No. B-##1, Second Floor, J Block Local Shopping Complex, New Delhi, South Delhi, DL	India
S3-445353252	Ciraflux	1927 Oak Street, Ocean Isle Beach, North Carolina	US
S3-482466250	Ferri LLC Partners	7667 Patrick Herny Hwy, N/A, Nottoway County, Virginia	US
S3-258774916	Gujarat Digital Cáre Private Limited	Plot Kh.no 91/31, Bikaner, RJ	India
S3-965498705	Surgical Ássociates	2325 Hickory Crest Ln, Knoxville, Tennessee	US
S3-921926971	Banga1ore O1eoresins Ltd	527, 3Rd Floor, 4Th Cross, Cmr Road, 2Nd Block, Hrbr Layout, Kalyan Nagar Pos, T, Bangalore, Bengaluru Hbr Layout, KA	India
S3-195054513	Krishna Krishna Alpha Logistics	H.no #7Th Floor, Ahmedabad, GJ	India
S3-222675812	Brixfaye	Springview Ct, Jefferson, Maryland	US
S3-92940035	Onyxzephx DBA Mercy Polyesters (India) Company	Bangalore, 6Th Cross, Thimmenahalli, Vijayanagar, 9/11 2Nd Main, Karnataka, Bengaluru	India
S3-639651774	Gfalva Co	2335 Haversham Close, Virginia Beach, Virginia	US
S3-788624238	... Palazzo Pétroleum Group	69-15 76 St, Ridgewood, New York	US
S3-587277261	TFQ Project	E-34 Riico Industrial Are, Nagaur, Parbatsar, RJ	India
S3-726189980	Dataus Inc.	7106 Poplar Dr, Galveston, Texas	US
S3-743740413	Piedmont Dimead Dollar	01265 Kendall Drive, Unit UNIT 826, San Bernardino, California	US
S3-277439066	Corly Friend, L.C.S.W. Córp	232 Main St, Fort Fairfield, Maine	US
S3-224939296	Y & L  Hyperliquid L.L.C.	426 Sonora Dr, null, Garland, Texas	US
S3-945079449	Buva Supreme Marshall Of Monticello Córporation	Allen St, Monticello, Arkansas	US
S3-796522781	Schuck Park 0f Huntington L.L.C.	4420 750, Huntington, Indiana	US
S3-311049255	डिजिटल फूड प्राइवेट लिमिटेड	S/o Sh.rampal Bhargav, 22, Harmukhpuri, Po Modi Ngr, Hapur, Ghaziabad, उत्तर प्रदेश	India
S3-196452168	primef0od.com	Paschim Vihar, DL, New Delhi, N/A, Door No 76 A-3 179	India
S3-114069873	2784 Highland Drive	Circleville, PMB 9094, 131 Dunmore Road, Ohio	US
S3-303073926	Chau Minerals  LLC	1620 Belmont St, Washingtont Ownship, District of Columbia	US
S3-541758090	mcdonald piedmont noble downtown	4350 Lynn Martin Lane, Lenoir, North Carolina	US
S3-214947102	সাই শ্রী বিল্ডার্স সলিউশনস প্রাইভেট লিমিটেড	H.no 89 Ground Floor, WB, Howrah, Kolkata	India
S3-437390499	જય કન્સલ્ટિંગ પ્રાઇવેટ લિમિટેડ	710 Rashmi Growth Hub, Ahmedabad, GJ, Ahmedabad, Opp. Shreya Residency, Odhav Vastral 200Ft. Sardar Patel Ring Road, O, Dhav	India
S3-844266618	Anthony, Pope-&-Parker Spring	16922 17th Avenue Court, Spanaway, Washington	US
S3-319759431	Halimeda Hardin Metro Híghview Downtown LLC	205 Kay St, Buffalo, New York	US
S3-501747174	Smt ank technologies group limited	No 93 C/o Chhitar Lal S/o Kishor Ji, Village Kaithun, Kota, RJ	India
S3-165653855	L.L.C. Flint South	2996 Masrhfield Dr, Elgin, Illinois	US
S3-830717300	Fortek (India) Ipr Private Ltd	106, B.t. Road, Rajbari, Bon Hooghly, Kolkata, North 24 Parganas, Kolkata, WB	India
S3-183856672	Guzman Security	6 Trout Run, Southern Shores, North Carolina	US
S3-569636891	Better Otisc Inc.	151 Quassaick Ave, New Windsor, New York	US
S3-811665159	BAY Northland LLC	386 450, Norris City, Illinois	US
S3-964961187	MUMBAI AGENCY PRIVATE LIMITED	MH, Thane, 006	India
S3-482178047	செவன் சொல்யூஷன்ஸ் பிரைவேட் லிமிடெட்	527 302, Block 18B, Bollineni Hillside, Perumbakkam Main Road, Chennai, TN	India
S3-932414835	Ram Producer Prbmiivae Limited	Ground Floor, Rog Floor, Room-27, Srija Apartment, Barabani, Bardhaman, পশ্চিমবঙ্গ	India
S3-122509224	Kaitlin Preston Legacy Duke LP	13819 Peck Dr, Arizona, Litchfield Park	US
S3-803213129	propertiesbombay.com	Mumbai, Mumbai City, Office No.310, MH	India
S3-460959355	Llc Rosen Rocky Hills	12307 May Laurel Dr, Houston, Texas	US
S3-501805617	Q 7 Strategic Developments Partners	236 3, Hurdsfield, North Dakota	US
S3-631045515	Pelaum Corp		US
S3-702900332	వైట్ ప్రాపర్టీస్ ఎల్‌ఎల్‌పీ	P.no-90, Matru Sri Nagar, Chandabagar, Tirumalagiri, Hyderabad, TG	India
S3-778943307	Custom Guaratny-LLC	1528 Santa Barbara Dr, St Charles, Missouri	US
S3-863110652	Acc It L.L.P.	Block F-709- Shop No F-115, Nerul Rly Station, Complex, Nerul, Nerul, MH	India
S3-360035544	Barry J. Johnhson, O.D.	3441 Pleasant Lane, Racine, Wisconsin	US
S3-328679124	Duerr And Bennett (Llc)	5428 Washington Avenue, Wisconsin, Racine	US
S3-503202810	Galaxyexports.Com	RJ, NULL, Jaipur, Shop No S 16 S 17, Jaipur	India
S3-177019372	2280  Park Street Company	Missouri, Carl Junction, 118 Zachary Lane	US
S3-813963951	Avidrex trading as Sunray (India) Admedia Limited	Bunglow No. 2, Johns Mill No. 3 Jeoni Mandi, Agra, Uttar Pradesh	India
S3-745946844	greatbaydigital.com	242 Austin Road, Carmel, New York	US
S3-676931503	Swanson Medical Center Co	7575 Copperfield Way, Indianapolis, Indiana	US
S3-134831206	Braveheart Solutions Private (Ltd)	43, Orchard House Sankey Road, Lower Palace Orchards, Bengaluru, Bangalore, ಕರ್ನಾಟಕ	India
S3-482544121	Sweet íce Cream	#4585 2700, Lehi, Utah	US
S3-570390003	Nargirn & & Co Pvt Ltd	##454/A, 10Th Cross West Of Cross Road, Rajajinagar Industri, Al Area, Bangalore, KA	India
S3-67836226	Vargas Parmtiesr  P.C.		US
S3-586761360	MCCAY GAMING CORP	Burke, Virginia, ##9004 Parliament Dr	US
S3-133642798	Digital Technologies Private	Shop No. 1, Ground Floor, Chateau Windsor, 86, Veer Nariman Road, Mumbai City, Mumbai, MH	India
S3-772057281	Indore Softech Private	3-4/1 Bhawanipur Col Flat, MP, 306 Mani Tower Apartment, Indore	India
S3-321998867	Norwood Suma  LLC	210 Fire Tower Road, Bald Knob, Arkansas	US
S3-574270043	Allied  Program	Casper Dr, Newark, Delaware	US
S3-947773724	Devya Ventures Pvt	H.no.c-145, Sector-16, Faridabad, हरियाणा	India
S3-868176134	Best Systems,	1418 Logan St, NULL, Round Rock, Texas	US
S3-13274611	Seth International Private Limited Partners	H.no.3005/8, Kudal, Sindhudurg, MH	India
S3-418093121	Smart Inlpxe Pvt Ltd	221, Universal Business Centre, 10/2, Narendra Plaza, Bangalore, Bengaluru Urban, KA	India
S3-950043411	Long Traders Exports Limited	Shop No. 51, Model Town B, Near Khandelwal Misthan Bhandar, Jagatpu, Ra, Jaipur, Khatipura, राजस्थान	India
S3-829446705	saravanaventures.com	F. No. 14, Shivmahima Apartment, 83 Pande Layout, Nagpur, MH	India
S3-38004273	Ryan  Frontier Thayer Riverside LP	143- Francis Saint, Waertown, New York	US
S3-563020846	Gold लक्ष्मी एक्सपोर्ट्स Private Limited	Vaisa Ramana Gobindpur, Purnia, Purnea, BR	India
S3-380319648	Colonial Partners  Inc	17858 Line Rd, Plainfield, Illinois	US
S3-478254326	Chandraksh Producer Limited Center	#1-3-44 Vidyut Nagar, Guntur, East Godavari, AP	India
S3-650376072	Ann Hmomfod Perimeter	Connecticut, 375-377 Canner St, New Haven	US
S3-484799688	Rev lt Up Massage	Dover, #390 Frear Dr, Delaware	US
S3-135494537	Lyrariza	Block C D/209, Prahladnagar, Trade Center, Prahladnagar, Ahmedabad, GJ	India
S3-633337298	Sai [Software]	#42-18- Masjid Veedhi, Ajithsingh Nagar, Vijayawada, Gorantla, ఆంధ్రప్రదేశ్	India
S3-616416224	Smt *** Bharat Care Prfeiae Limited	Sterling House, Radium Appartment Shreyas Colony, Off Aarey Road, Goregaon East, Mumbai City, MH	India
S3-44210422	Federal	14438 Oak Road, Greenwood, DE	US
S3-921900597	കൃഷ്ണാ വെഞ്ചേഴ്സ് ലിമിറ്റഡ്	21/603, Supreme Towers, Opposite Kunnathurmedu Post Office, Palakkad, Keralam	India
S3-994986488	6rio.com	1811 Apache Blvd, # 3023, Teme, Arizona	US
S3-552762137	integrated (india) india private limited		India
S3-581670595	Sullivan Continental Internet Ínc	Beaverton, 11435-11437 Fairfield Street, Oregon	US
S3-761526892	Young  Printing	2106 Effie Henderson Dr, Maryville, Tennessee	US
S3-854164873	Perident Pono	700 2 St, NULL, City Of Alma, Wisconsin	US
S3-301605680	cure deli harbor	102 Ramshorn Rd, Charlton, Massachusetts	US
S3-868173099	Pvt North Software Ltd	No 7-89, Kurnool, AP	India
S3-391790658	Service Jay Om Limited	#57 Mezzanine, Bmtc-ttmc Domlur, Bangalore Urban, Bangalore, KA	India
S3-232385827	Chiropractic Value Clinic	17162 78rd Ave, Maple Grove, Minnesota	US
S3-497916817	Pioneer L.L.C. (Service)	134. Woodbury Dr, Vestavia Hills, Alabama	US
S3-394257782	Abk Brothers Holdings Ltd Pvt	I - #314, Ghaziabad, UP	India
S3-592980951	સુપર કન્સલ્ટન્ટ્સ લિમિટેડ	Hall-g/3 Gr.floorgopinath, Chambersnandudoshiniwadi, Surat, Surat City, GJ	India
S3-549886925	Helion Resorts (India) Private-Limited		India
S3-593281203	Golden वेंचर्स Medicals लिमिटेड	Civil Lines, Delhi, DL, 593 4	India
S3-860590391	Pvt. Tech Concept Trading Industries Ltd.	No 125/2 A Ward T.p.2, Raghutara Sankul, Karvir, Kolhapur, MH	India
S3-654274312	Haley  Heritage Triton L.L.C.	2398 Riviera Ridge Ct, <NULL>, Lake Havasu City Township, Arizona	US
S3-741845023	East Pioneer Restaurants Company	Wiseman Rd Rd, Marshfield, Missouri	US
S3-864051322	Avinexyuma	A-504 Shewalkar Garden S A Road, Nagpur, MH	India
S3-373061755	Harris C0mpanies	3137 Pennsy Dr, PO Box 477, Hyattsville, Maryland	US
S3-221940495	Deum LP	Diego Rivera Dr, EL PASO, Texas	US
S3-43881978	न्यू इंफ्रा लिमिटेड	285/3A, Ground Floor, Village Devli, Delhi, South Delhi, DL	India
S3-328422563	ವಿಜಯ್ ಮೀಡಿಯಾ ಪ್ರೈವೇಟ್ ಲಿಮಿಟೆಡ್	221/A, Bengaluru, ಕರ್ನಾಟಕ	India
S3-803176614	Jain Ventures Private Ltd	Delhi, DL, New Delhi, A-195/1, Sf, Raju Park, Khanpur Near Rana Nursing Home	India
S3-904389726	LC	Hari Sudharshana Carnival No.6, Coimbatore, Tamil Nadu, Bharathi Nagar, Ganapathy	India
S3-672120292	Pvt Bapu Health Ltd	37A/99/14 Mfdhu Nagar, Agra, उत्तर प्रदेश	India
S3-387471285	Legacy-Equity Advisors Inc	330 Edwards Street, Vandalia, Illinois	US
S3-920959323	Focus Cargo	Ec-1-98 Salt Lake City, Calcutta, North 24 Parganas, WB	India
S3-14388767	surgicalphysicians.com	3030 Lisa Ct, Newbury Park, California	US
S3-715835358	Bealta Kay	C/o, Nalgonda, Kodad, TG	India
S3-739932065	बालाजी इंटरनेशनल	Noida, Gautam Buddha Nagar, UP, Plot No. - C - 055 C - Block	India
S3-673495166	Family-Health	74 Jeter Road, Plao, Illinois	US
S3-579574344	Lucky Bike Sp	401 Burbank Road, Roan Mountain, Tennessee	US
S3-785690918	Pyrawexonyx	7923 Mansion House Crossing, Fl. 0, Paadena, Maryland	US
S3-550958983	Sriram LLP Service	61A, W P, Pitampura, New Delhi, DL	India
S3-263782707	Onyxquo formerly known as Vaia Inc	1690 Lantana Drive, Spring Hill, TN	US
S3-55574790	Zetanex aka Bordes & Chan Inc	510 Holt Road, Webster, NY	US
S3-657028395	Fresh Retail Enterprises Inc	Illinois, Chicago, 6646 Richmond Street	US
S3-911020696	Lynx.Com	#19 Dart St, Loma Linda, California	US
S3-351128156	Sherill Kieffer Piedmont Mórtgage Inc	14729. Grant Creek Rd, Arlington, Washington	US
S3-474227595	Daryl Bgelle  Freight	588 Truax Rd, Worcester, New York	US
S3-333821736	Smt Bharat Íompx Limited	Surat, 2 Laxminarayan Brc Compound, Udhna, Surat, Pl N Y 001, GJ	India
S3-629097438	Ectoxylo d/b/a Lynch Capital Partners	720 Cedar Lane, Chicago Heights, IL	US
S3-806711504	Schultz Safe Rock	04620 Kirchoff Ln, Imperial, Missouri	US
S3-803675521	Secunderabad-LLP Center	No 5-11-19, Secunderabad, Hyderabad, తెలంగాణ	India
S3-572066846	Keystone Medical Consultants Holdings	2626 Creek Arbor Cir, Houston, Texas	US
S3-162014524	Group Fantozzi Managers	Apex, North Carolina, 1011 Davis Drive	US
S3-224674065	Stith  Legacy Bitcoin Inc	13082 33, Gustine, California	US
S3-943032673	Ciradeltax dba Kolkata Solutions Pvt Ltd	15/C/1/B, Raja Santosh Roy Road, Kolkata, Kolkata, Howrah, West Bengal	India
S3-985485366	JA Consulting	B - 1-34, Shanti Sadan Co-op Hsg., 2Nd Floor 12A, Unnat Nagar, Goregoan - West, Mumbai, Mumbai City, महाराष्ट्र	India
